_id;Focal Length;Aperture;Filtersize;Magnification;Minimal Focus;Mount;Sensor compatibility;Weight;Size;
Zeiss ZE Milvus 100mm 2.0 Makro;100mm;1:2.0;67mm;1:2.00;0.44m;Canon EF;APS-C/ Kleinbild;843g;80.5x104mm;
Sigma Contemporary AF 17-70mm 2.8-4.0 DC Makro OS HSM;17-70mm;1:2.8-1:4.0;72mm;1:2.90;0.22m;Nikon F, Canon EF-S;APS-C;470g;79x82mm;
Zeiss ZE Distagon T* 25mm 2.0;25mm;1:2.0;67mm;1:5.88;0.25m;Canon EF;APS-C/ Kleinbild;600g;73x98mm;
Walimex Pro 12mm 2.8 Fisheye DSLR;12mm;1:2.8;;;0.20m;Sony A, Samsung NX, Pentax K, Micro-Four-Thirds, Canon EF-M;APS-C/ Kleinbild;565g;72x98mm;
Sigma Art AF 14mm 1.8 DG HSM;14mm;1:1.8;;1:9.80;0.27m;Nikon F, Sigma SA;APS-C/ Kleinbild;1170g;95.4x126mm;
Zeiss ZF.2 Milvus 85mm 1.4;85mm;1:1.4;77mm;1:8.30;0.80m;Nikon F;APS-C/ Kleinbild;1210g;90x110mm;
Canon TS-E 90mm 2.8 Tilt/Shift;90mm;1:2.8;58mm;1:6.25;0.50m;Canon EF;APS-C/ Kleinbild;565g;73.6x88mm;
Leica Vario-Elmar-T 18-56mm 3.5-5.6 ASPH;18-56mm;1:3.5-1:5.6;52mm;1:7.50;0.30m;Leica T;APS-C;256g;63x60mm;
Tamron SP AF 24-70mm 2.8 Di VC USD;24-70mm;1:2.8;82mm;1:5.00;0.38m;Canon EF;APS-C/ Kleinbild;825g;88.2x116.9mm;
Nikon AF-S VR 500mm 4.0E FL ED;500mm;1:4.0;40.5mm;1:6.70;3.60m;Nikon F;APS-C/ Kleinbild;3090g;140x387mm;
Sigma Contemporary AF 30mm 1.4 DC DN;30mm;1:1.4;52mm;1:7.00;0.30m;Sony E, Micro-Four-Thirds;APS-C;265g;64.8x73.3mm;
Nikon PC-E 24mm 3.5D ED Tilt/Shift;24mm;1:3.5;77mm;1:2.70;0.21m;Nikon F;APS-C/ Kleinbild;730g;82.5x108mm;
Canon EF 28-300mm 3.5-5.6 L IS USM;28-300mm;1:3.5-1:5.6;77mm;1:3.33;0.70m;Canon EF;APS-C/ Kleinbild;1670g;92x184mm;
Leica Makro-Elmar-M 90mm 4.0;90mm;1:4.0;39mm;1:6.70;0.77m;Leica M;APS-C/ Kleinbild;240g;52x59mm;
Canon EF 24-105mm 3.5-5.6 IS STM;24-105mm;1:3.5-1:5.6;77mm;1:3.33;0.40m;Canon EF;APS-C/ Kleinbild;525g;83.4x104mm;
Sigma AF 18-200mm 3.5-6.3 DC OS HSM;18-200mm;1:3.5-1:6.3;72mm;;0.45m;Nikon F;APS-C;610g;79x100mm;
Canon EF 50mm 1.8 II;50mm;1:1.8;52mm;1:6.67;0.45m;Canon EF;APS-C/ Kleinbild;130g;68.2x41mm;
Canon EF 24-70mm 4.0 L IS USM;24-70mm;1:4.0;77mm;1:1.43;0.38m;Canon EF;APS-C/ Kleinbild;600g;83.4x93mm;
Nikon AF-S VR 800mm 5.6 FL ED;800mm;1:5.6;52mm;1:6.7;5.90m;Nikon F;APS-C/ Kleinbild;4590g;160x461mm;
Olympus Zuiko digital 35mm 3.5 Makro;35mm;1:3.5;52mm;1:1.00;0.15m;Four-Thirds;Four-Thirds;165g;71x53mm;
Samyang 12mm 2.0 NCS CS;12mm;1:2.0;67mm;;0.20m;Sony E;APS-C;245g;73x59mm;
Samyang XEEN 20mm T1.9;24mm;1:1.5;;;0.20m;Sony E, PL, Nikon F;APS-C/ Kleinbild;990g;117.6x121.3mGewicht:990gmm;
Sigma AF 20mm 1.8 EX DG Asp RF;20mm;1:1.8;82mm;1:4.00;0.20m;Canon EF;APS-C/ Kleinbild;500g;88.6x87mm;
Fujifilm XF 10-24mm 4.0 R OIS;10-24mm;1:4.0;72mm;1:6.25;0.24m;Fujifilm X;APS-C;410g;78x87mm;
Walimex Pro 35mm 1.4;35mm;1:1.4;77mm;;0.30m;Sony E, Sony A, Samsung NX, Pentax K, Nikon F, Nikon 1, Fujifilm X, Four-Thirds, Canon EF;APS-C;734g;83x111.5mm;
Mitakon Creator 135mm 2.8 II;135mm;1:2.8;;;1.50m;Canon EF;APS-C/ Kleinbild;700g;;
Pentax smc DA 200mm 2.8 ED IF SDM;200mm;1:2.8;77mm;1:5.00;1.20m;Pentax K;APS-C;825g;83x134mm;
Walimex Pro 50mm 1.5 VDSLR;50mm;1:1.5;77mm;;0.45m;Sony E, Canon EF, Sony A, Pentax K, Nikon F, Canon EF-M;APS-C/ Kleinbild;600g;82x100.7mm;
Pentax HD DA 35mm 2.8 Makro Limited;35mm;1:2.8;;1:1.00;0.14m;Pentax K;APS-C;214g;63x46.5mm;
Walimex Pro 24mm 1.4;24mm;1:1.4;77mm;;0.25m;Sony E, Nikon F, Nikon 1, Micro-Four-Thirds, Canon EF, Sony A, Samsung NX, Pentax K;APS-C;610g;83x97.5mm;
Walimex Pro 24mm 1.4 CSC;24mm;1:1.4;77mm;;0.25m;Canon EF-M;APS-C/ Kleinbild;590g;83x123.4mm;
Pentax smc DA 16-45mm 4.0 ED AL;16-45mm;1:4.0;67mm;1:3.85;0.28m;Pentax K;APS-C;365g;72x92mm;
Nikon PC-E 45mm 2.8D ED Tilt/Shift;45mm;1:2.8;77mm;1:2.00;0.25m;Nikon F;APS-C/ Kleinbild;780g;83.5x112mm;
Nikon AF-P VR DX 18-55mm 3.5-5.6G;18-55mm;1:3.5-1:5.6;55mm;1:2.60;0.25m;Nikon F;APS-C;205g;64.5x62.5mm;
Samyang AF 35mm 2.8 FE;35mm;1:2.8;49mm;1:8.33;0.35m;Sony E;APS-C/ Kleinbild;85.6g;61.8x33mm;
Canon EF 300mm 4.0 L IS USM;300mm;1:4.0;77mm;1:4.17;1.50m;Canon EF;APS-C/ Kleinbild;1190g;90x221mm;
Sigma AF 30mm 1.4 EX DC;30mm;1:1.4;62mm;1:10.40;0.40m;Sony A;APS-C;430g;76.6x59mm;
Samyang 8mm 2.8 UMC Fisheye II;8mm;1:2.8;;;0.30m;Fujifilm X, Canon EF-M, Sony E, Samsung NX;APS-C;275g;60x64.8mm;
Sony 24-70mm 2.8;24-70mm;1:2.8;77mm;1:4.00;0.34m;Sony A;APS-C/ Kleinbild;955g;83x111mm;
Canon EF 50mm 1.8 STM;50mm;1:1.8;49mm;1:4.76;0.35m;Canon EF;APS-C/ Kleinbild;159g;69.2x39.3mm;
Sigma Art AF 30mm 1.4 DC HSM;30mm;1:1.4;62mm;1:6.80;0.30m;Nikon F;APS-C;435g;74.2x63.3mm;
Sigma AF 300-800mm 5.6 EX DG APO HSM IF;300-800mm;1:5.6;46mm;1:6.90;6.00m;Canon EF, Sigma SA, Nikon F;APS-C/ Kleinbild;5880g;156.5x544mm;
Tamron 100-400mm 4.5-6.3 Di VC USD;100-400mm;1:4.5-1:6.3;67mm;1:3.60;1.50m;Nikon F;APS-C/ Kleinbild;1140g;86.2x199mm;
Sony 11-18mm 4.5-5.6 DT;11-18mm;1:4.5-1:5.6;77mm;1:8.00;0.25m;Sony A;APS-C;360g;83x81mm;
SLR Magic Hyper Prime 50mm 0.95;50mm;1:0.95;62mm;;0.60m;Sony E;APS-C;490g;65x85mm;
Sigma Sports AF 500mm 4.0 DG OS HSM;500mm;1:4.0;46mm;1:6.50;3.50m;Sigma SA;APS-C/ Kleinbild;3310g;144.8x380.3mm;
Sigma Art AF 50mm 1.4 DG HSM;50mm;1:1.4;77mm;1:5.60;0.40m;Canon EF, Sigma SA;APS-C/ Kleinbild;815g;85x100mm;
Canon TS-E 135mm 4.0 L Makro;135mm;1:4.0;82mm;1:2.00;0.486m;Canon EF;APS-C/ Kleinbild;1100g;88.5x139.1mm;
Walimex Pro 50mm 1.2 CSC;50mm;1:1.2;62mm;;0.50m;Micro-Four-Thirds, Sony E, Fujifilm X;Four-Thirds;375g;67.5x73mm;
Zeiss Batis 135mm 2.8;135mm;1:2.8;67mm;1:5.30;0.87m;Sony E;APS-C/ Kleinbild;614g;98x120mm;
Walimex Pro 35mm 1.4 DSLR;35mm;1:1.4;77mm;;0.30m;Canon EF;;760g;83x109mm;
Yongnuo 35mm 2.0;35mm;1:2.0;52mm;1:4.35;0.25m;Canon EF;APS-C;155g;73x59mm;
Nikon AF-S VR 16-35mm 4.0G ED;16-35mm;1:4.0;77mm;1:4.00;0.28m;Nikon F;APS-C/ Kleinbild;685g;82.5x125mm;
Sigma AF 70-200mm 2.8 EX DG APO HSM OS;70-200mm;1:2.8;77mm;1:8.00;1.40m;Nikon F, Sony A, Sigma SA;APS-C/ Kleinbild;1430g;86.4x197.6mm;
Olympus M.Zuiko digital 9mm 8.0 Body Cap Lens;9mm;1:8.0;;1:21.74;0.20m;Micro-Four-Thirds;Four-Thirds;30g;56x12.8mm;
Fujifilm XF 80mm 2.8 R LM OIS WR Makro;80mm;1:2.8;62mm;1:1.00;0.25m;Fujifilm X;APS-C;750g;80x130mm;
Sigma AF 500mm 4.5 EX DG APO IF;500mm;1:4.5;46mm;1:7.70;4.00m;Sony A;APS-C/ Kleinbild;3150g;123x350mm;
Nikon AF 50mm 1.8D;50mm;1:1.8;52mm;1:7.14;0.45m;Nikon F;APS-C/ Kleinbild;160g;63x39mm;
Olympus M.Zuiko digital ED 40-150mm 2.8 PRO;40-150mm;1:2.8;72mm;1:4.76;0.70m;Micro-Four-Thirds;Four-Thirds;760g;79.4x160mm;
Samyang 85mm 1.4 Asph IF MC;85mm;1:1.4;72mm;;1.00m;Sony A, Pentax K, Canon EF;APS-C/ Kleinbild;516g;78x72.2mm;
Panasonic Lumix G Vario 35-100mm 4.0-5.6 OIS;35-100mm;1:4.0-1:5.6;46mm;1:4.54;0.90m;Micro-Four-Thirds;Four-Thirds;135g;55.5x50mm;
Fujifilm XC 16-50mm 3.5-5.6 OIS II;16-50mm;1:3.5-1:5.6;58mm;1:6.67;0.30m;Fujifilm X;APS-C;195g;62.6x65.2mm;
Olympus M.Zuiko digital 17mm 2.8 Pancake;17mm;1:2.8;37mm;1:9.09;0.20m;Micro-Four-Thirds;Four-Thirds;71g;57x22mm;
Sony 28-75mm 2.8 SAM;28-75mm;1:2.8;67mm;1:4.55;0.38m;Sony A;APS-C/ Kleinbild;565g;77.5x94mm;
Zeiss Loxia 21mm 2.8;21mm;1:2.8;52mm;1:7.81;0.25m;Sony E;APS-C/ Kleinbild;394g;62.1x72mm;
Pentax Q 05 Toy Lens Telephoto 18mm 8.0;18mm;1:8.0;;1:12.50;0.27m;Pentax Q;Pentax Q;18g;40.6x19.5mm;
Walimex Pro 35mm 1.5 VCSC;35mm;1:1.5;77mm;;0.30m;Samsung NX;APS-C;722g;83x130mm;
Sigma AF 17-50mm 2.8 EX DC OS HSM;17-50mm;1:2.8;77mm;1:5.00;0.28m;Canon EF-S, Nikon F, Sony A, Pentax K, Sigma SA;APS-C;565g;83.5x91.8mm;
Dörr Danubia 900mm 8.0 T2;900mm;1:8.0;105mm;;;T2;;795g;110x135mm;
Tamron SP AF 90mm 2.8 Di Makro 1:1;90mm;1:2.8;55mm;1:1.00;0.29m;Pentax K, Sony A, Nikon F;APS-C/ Kleinbild;405g;71.5x97mm;
Zeiss ZE Milvus 25mm 1.4;25mm;1:1.4;82mm;1:4.60;0.25m;Canon EF;APS-C/ Kleinbild;1230g;95.2x122.5mm;
Nikon 1 NIKKOR VR 6.7-13mm 3.5-5.6;6.7-13mm;1:3.5-1:5.6;52mm;1:16.66;0.25m;Nikon 1;Nikon CX;125g;56.5x46mm;
Zeiss Touit 32mm 1.8;32mm;1:1.8;52mm;1:9.00;0.37m;Fujifilm X, Sony E;APS-C;210g;65x58mm;
Zeiss ZF.2 Distagon T* 18mm 3.5;18mm;1:3.5;82mm;1:12.05;0.30m;Nikon F;APS-C/ Kleinbild;470g;87x84mm;
Samyang 16mm T2.2 VDSLR ED AS UMC CS II;16mm;1:2.2;77mm;;0.20m;Sony E, Sony A, Samsung NX, Nikon F, Micro-Four-Thirds, Fujifilm X, Canon EF-M;APS-C;620g;83x115.4mm;
Meike 50mm 2.0;50mm;1:2.0;49mm;1:12.50;;Canon EF-M, Sony E;APS-C;188g;60.5x41mm;
Zeiss ZE Milvus 35mm 2.0;35mm;1:2.0;58mm;1:5.30;0.30m;Canon EF;APS-C/ Kleinbild;702g;77x83mm;
Olympus Zuiko digital ED 12-60mm 2.8-4.0 SWD;12-60mm;1:2.8-1:4.0;72mm;1:3.57;0.25m;Four-Thirds;Four-Thirds;575g;79.5x98.5mm;
Nikon AF-S VR DX 55-200mm 4.0-5.6G ED II;55-200mm;1:4.0-1:5.6;52mm;;1.10m;Nikon F;APS-C;300g;70.5x83mm;
Lensbaby Velvet 85mm 1.8;85mm;1:1.8;68mm;1:2.00;0.24m;Nikon F, Canon EF, Samsung NX, Pentax K, Micro-Four-Thirds, Fujifilm X;APS-C/ Kleinbild;530g;76x89mm;
Samyang 7.5mm T3.8 UMC Fisheye;7.5mm;1:3.8;;;0.09m;Micro-Four-Thirds;Four-Thirds;195g;60x48.3mm;
Walimex Pro 85mm 1.5 VDSLR;85mm;1:1.5;72mm;;1.10m;Sony E, Samsung NX, Nikon F, Nikon 1, Four-Thirds, Canon EF;APS-C;600g;78x80mm;
Sigma Contemporary AF 150-600mm 5.0-6.3 DG OS HSM inkl. 1.4x Telekonverter;150-600mm;1:5.0-1:6.3;95mm;1:5.00;2.80m;Nikon F, Canon EF, Sigma SA;APS-C/ Kleinbild;1930g;105x260.1mm;
Panasonic Lumix G Vario 45-200mm 4.0-5.6 OIS;45-200mm;1:4.0-1:5.6;52mm;;1.00m;Micro-Four-Thirds;Four-Thirds;380g;70x100mm;
Samyang 14mm 3.1 AS IF UMC VDSLR;14mm;1:3.1;;;0.28m;Pentax K;APS-C/ Kleinbild;552g;94x87mm;
Pentax smc FA 645 150-300mm 5.6;150-300mm;1:5.6;67mm;1:5.56;2.00m;Pentax 645;APS-C/ Kleinbild;920g;80x201mm;
Walimex Pro Set All Star;;;;;;Nikon F, Canon EF;;;;
Walimex Pro 85mm 1.5 VCSC;85mm;1:1.5;72mm;;1.10m;Fujifilm X, Canon EF-M;APS-C/ Kleinbild;645g;78x101mm;
Sigma AF 200-500mm 2.8 DG Asp APO;200-500mm;1:2.8;72mm;1:7.70;2.00m;Canon EF, Nikon F;APS-C/ Kleinbild;15700g;236.5x726mm;
Pentax smc DA 560mm 5.6 ED AW;560mm;1:5.6;112mm;1:10.00;5.60m;Pentax K;APS-C;3040g;130x522mm;
Sony FE 16-35mm 4.0 ZA OSS;16-35mm;1:4.0;72mm;1:5.26;0.28m;Sony E;APS-C/ Kleinbild;518g;78x98.5mm;
Nikon AF-S 8-15mm 3.5-4.5E ED;8-15mm;1:3.5-1:4.5;29x27mm;1:2.94;0.16m;Nikon F;APS-C/ Kleinbild;485g;77.5x83mm;
Meyer Optik Görlitz Figmentum 85mm 2.0;85mm;1:2.0;55mm;;0.85m;Nikon F, Canon EF;APS-C/ Kleinbild;425g;;
Olympus Zuiko digital ED 8mm 3.5 Fisheye;8mm;1:3.5;;1:4.55;0.14m;Four-Thirds;Four-Thirds;455g;79x78mm;
Pentax Q 04 Toy Lens Wide 6.3mm 7.1;6.3mm;1:7.1;;1:6.67;0.07m;Pentax Q;Pentax Q;21g;40.6x25mm;
Leica Summilux-SL 50mm 1.4 ASPH;50mm;1:1.4;82mm;1:10.00;0.60m;Leica L;APS-C/ Kleinbild;1070g;88x124mm;
Voigtländer Nokton 10.5mm 0.95;10.5mm;1:0.95;72mm;;0.17m;Micro-Four-Thirds;Four-Thirds;586g;77x82.4mm;
Dörr 8mm 3.5 Fisheye;8mm;1:3.5;;;0.30m;Nikon F, Canon EF, Sony A;APS-C;430g;;
Nikon AF-S VR 400mm 2.8E FL ED;400mm;1:2.8;40.5mm;1:6.30;2.60m;Nikon F;APS-C/ Kleinbild;3800g;159.5x358mm;
Canon EF-S 18-135mm 3.5-5.6 IS STM mit EW-73B und LC-Kit;18-135mm;1:3.5-1:5.6;67mm;1:3.57;0.39m;Canon EF-S;APS-C;480g;76.6x96mm;
Zeiss ZM Biogon T* 28mm 2.8;28mm;1:2.8;46mm;1:16.00;0.50m;Leica M;APS-C/ Kleinbild;220g;;
Voigtländer Heliar 12mm 5.6;12mm;1:5.6;;;0.30m;Sony E;APS-C/ Kleinbild;;67.4x74.3mm;
Tamron AF 28-300mm 3.5-6.3 XR Di LD Asp IF Makro;28-300mm;1:3.5-1:6.3;62mm;1:2.90;0.49m;Sony A;APS-C/ Kleinbild;420g;73x83.7mm;
Samyang 24mm 1.5 ED AS UMC VDSLR;24mm;1:1.5;77mm;;0.25m;Canon EF;APS-C/ Kleinbild;680g;83x97mm;
Lensbaby Twist 60mm 2.5;60mm;1:2.5;46mm;;0.46m;Canon EF, Sony E, Nikon F;APS-C/ Kleinbild;200g;;
Sony FE 70-300mm 4.5-5.6 G OSS;70-300mm;1:4.0-1:5.6;72mm;1:3.23;0.90m;Sony E;APS-C/ Kleinbild;854g;84x143.5mm;
Canon EF 28mm 2.8 IS USM;28mm;1:2.8;58mm;1:5.00;0.23m;Canon EF;APS-C/ Kleinbild;260g;68.4x51.5mm;
Voigtländer VM Heliar 10mm 5.6;10mm;1:5.6;;;0.50m;Leica M;Mittelformat;312g;67.8x58.7mm;
Samyang 135mm 2.0 ED UMC;135mm;1:2.0;77mm;;0.80m;Sony E, Nikon F;APS-C/ Kleinbild;840g;82x148mm;
Nikon AF-S VR DX 55-200mm 4.0-5.6G IF-ED;55-200mm;1:4.0-1:5.6;52mm;;1.10m;Nikon F;APS-C;335g;73x99.5mm;
Leica Summarit-M 50mm 2.4;50mm;1:2.4;;;0.80m;Leica M;APS-C/ Kleinbild;190g;52x33mm;
Meyer Optik Görlitz Primoplan 75mm 1.9;75mm;1:1.9;52mm;;0.75m;Leica L, Fujifilm X, Canon EF;APS-C/ Kleinbild;300g;58x55mm;
Nikon 1 NIKKOR VR 30-110mm 3.8-5.6;30-110mm;1:3.8-1:5.6;40.5mm;1:10.00;1.00m;Nikon 1;Nikon CX;180g;60x61mm;
Pentax HD DA 55-300mm 4.0-5.8 ED WR;55-300mm;1:4.0-1:5.8;58mm;1:3.57;1.40m;Pentax K;APS-C;466g;72x111.5mm;
Sigma Contemporary AF 100-400mm 5.0-6.3 DG OS HSM;100-400mm;1:5.0-1:6.3;67mm;1:3.85;1.60m;Canon EF, Nikon F, Sigma SA;APS-C/ Kleinbild;1160g;86.4x182.3mm;
Samyang 85mm T1.5 AS IF UMC II VDSLR;85mm;1:1.5;72mm;;1.10m;Sony E, Micro-Four-Thirds, Canon EF, Sony A, Samsung NX, Pentax K, Nikon F, Fujifilm X;APS-C/ Kleinbild;605g;78x100.7mm;
Tamron SP AF 11-18mm 4.5-5.6 Di II LD Asp IF;11-18mm;1:4.5-1:5.6;77mm;;0.25m;Nikon F;APS-C;345g;83.2x78.6mm;
Samyang 500mm 8.0 Preset IF MC;500mm;1:8.0;67mm;;10.00m;;APS-C/ Kleinbild;640g;70x298mm;
Fujifilm XF 35mm 1.4 R;35mm;1:1.4;52mm;1:5.88;0.28m;Fujifilm X;APS-C;187g;65x54.9mm;
Sony FE 12-24mm 4.0 G;12-24mm;1:4.0;;1:7.14;0.28m;Sony E;APS-C/ Kleinbild;565g;87x117.4mm;
Canon EF-M 11-22mm 4.0-5.6 IS STM;11-22mm;1:4.0-1:5.6;55mm;1:3.33;0.15m;Canon EF-M;APS-C;220g;60.9x58.2mm;
Samyang 12mm T3.1 VDSLR ED AS NCS Fisheye;12mm;1:3.1;;;0.20m;Sony E, Sony A, Samsung NX, Pentax K, Nikon F, Micro-Four-Thirds, Fujifilm X, Canon EF-M;APS-C/ Kleinbild;535g;81.6x98.7mm;
Canon EF 200mm 2.0 L IS USM;200mm;1:2.0;52mm;1:8.33;1.90m;Canon EF;APS-C/ Kleinbild;2520g;128x208mm;
Leica Noctilux-M 75mm 1.25;75mm;1:1.25;67mm;;0.85m;Leica M;APS-C/ Kleinbild;1060g;74x91mm;
Canon EF-S 55-250mm 4.0-5.6 IS;55-250mm;1:4.0-1:5.6;58mm;1:3.23;1.10m;Canon EF-S;APS-C;390g;70x108mm;
Pentax smc FA 645 200mm 4.0;200mm;1:4.0;58mm;1:6.25;1.50m;Pentax 645;APS-C/ Kleinbild;625g;74.5x119mm;
Canon EF 70-200mm 2.8 L IS II USM;70-200mm;1:2.8;77mm;1:4.76;1.20m;Canon EF;APS-C/ Kleinbild;1490g;88.8x199mm;
Zeiss ZE Distagon T* 18mm 3.5;18mm;1:3.5;82mm;1:12.05;0.30m;Canon EF;APS-C/ Kleinbild;470g;87x84mm;
Sigma Contemporary AF 18-200mm 3.5-6.3 DC Makro OS HSM;18-200mm;1:3.5-1:6.3;62mm;1:3.00;0.39m;Sigma SA, Nikon F, Canon EF-S;APS-C;430g;71x86mm;
Walimex Pro 35mm 1.4 CSC;35mm;1:1.4;77mm;;0.30m;Canon EF-M;APS-C;716g;83x110mm;
Zeiss ZE Milvus 18mm 2.8;18mm;1:2.8;77mm;1:7.40;0.25m;Canon EF;APS-C/ Kleinbild;721g;90x93mm;
Samyang 300mm 6.3 UMC CS Reflex;300mm;1:6.3;25.5mm;;1.10m;Sony A, Nikon F, Canon EF;APS-C;260g;64.5x75.6mm;
Samyang 35mm T1.5 VDSLR AS UMC II;35mm;1:1.5;77mm;;0.30m;Sony E, Sony A, Samsung NX, Pentax K, Micro-Four-Thirds, Fujifilm X, Canon EF-M;APS-C/ Kleinbild;720g;83x137.5mm;
Samyang AE 35mm 1.4 AS UMC;35mm;1:1.4;77mm;;0.30m;Canon EF;APS-C/ Kleinbild;660g;83x111mm;
Zeiss Loxia 50mm 2.0;50mm;1:2.0;52mm;1:6.90;0.45m;Sony E;APS-C/ Kleinbild;320g;62x59mm;
Dörr Danubia 500mm 6.3 T2;500mm;1:6.3;95mm;;;T2;;596g;97x115mm;
Tamron SP AF 180mm 3.5 Di LD IF Makro 1:1;180mm;1:3.5;72mm;1:1.00;0.47m;Nikon F;APS-C/ Kleinbild;920g;84.8x165.7mm;
Pentax HD DA 21mm 3.2 AL Limited;21mm;1:3.2;49mm;1:5.88;0.20m;Pentax K;APS-C;134g;63x25mm;
Nikon AF-S VR DX 18-300mm 3.5-5.6G ED;18-300mm;1:3.5-1:5.6;77mm;1:3.20;0.45m;Nikon F;APS-C;830g;83x120mm;
Walimex Pro 10mm 3.1 VDSLR;10mm;1:3.1;;;0.24m;Canon EF;APS-C;600g;87x106.1mm;
Samyang 8mm 2.8 ED AS IF UMC Fisheye;8mm;1:2.8;;;0.30m;Samsung NX;APS-C;203g;60x48.3mm;
Pentax smc FA 645 75mm 2.8;75mm;1:2.8;58mm;1:5.56;0.60m;Pentax 645;APS-C/ Kleinbild;215g;74.5x37.5mm;
Sigma AF 85mm 1.4 EX DG HSM;85mm;1:1.4;77mm;1:8.60;0.85m;Canon EF;APS-C/ Kleinbild;719g;84.7x87.6mm;
Nikon AF-S VR 70-200mm 2.8E FL ED;70-200mm;1:2.8;77mm;1:4.80;1.10m;Nikon F;APS-C/ Kleinbild;1430g;88.5x202.5mm;
Pentax smc FA 645 55-110mm 5.6;55-110mm;1:5.6;82mm;1:6.25;0.80m;Pentax 645;APS-C/ Kleinbild;500g;88x104mm;
Sony FE 24-70mm 2.8 GM;24-70mm;1:2.8;82mm;1:4.17;0.38m;Sony E;APS-C/ Kleinbild;886g;87.6x136mm;
Leica Vario-Elmarit-SL 24-90mm 2.8-4.0 ASPH;24-90mm;1:2.8-1:4.0;82mm;;0.30m;Leica L;APS-C/ Kleinbild;1140g;88x138mm;
Olympus M.Zuiko digital 45mm 1.8;45mm;1:1.8;37mm;1:9.09;0.50m;Micro-Four-Thirds;Four-Thirds;116g;56x46mm;
Leica Elmarit-S 45mm 2.8 ASPH;45mm;1:2.8;82mm;1:10.10;0.60m;Leica S;APS-C/ Kleinbild;1300g;88x136mm;
Sony 16mm 2.8 Fisheye;16mm;1:2.8;;1:6.67;0.20m;Sony A;APS-C/ Kleinbild;400g;75x67mm;
Zeiss ZF Makro-Planar T* 50mm 2.0;50mm;1:2.0;67mm;;0.24m;Nikon F;APS-C/ Kleinbild;530g;72x65mm;
Canon EF 100-400mm 4.5-5.6 L IS II USM;100-400mm;1:4.5-1:5.6;77mm;1:3.23;0.98m;Canon EF;APS-C/ Kleinbild;1570g;94x193mm;
Sigma AF 10mm 2.8 EX DC HSM Diagonal Fisheye;10mm;1:2.8;;1:3.30;0.14m;Sigma SA, Nikon F;APS-C;;75.8x83.1mm;
Samyang 21mm T1.5 ED AS UMC CS;21mm;1:1.5;58mm;;0.28m;Sony E, Fujifilm X;APS-C;290g;73.6x67.6mm;
Samyang 10mm T3.1 ED AS NCS CS II VDSLR;10mm;1:3.1;;;0.24m;Fujifilm X, Canon EF;APS-C;635g;87x132.4mm;
Tamron SP AF 28-75mm 2.8 XR Di LD Asp IF Makro;28-75mm;1:2.8;67mm;1:3.90;0.33m;Nikon F, Pentax K, Sony A;APS-C/ Kleinbild;510g;73x92mm;
Sigma Art AF 50-100mm 1.8 DC HSM;50-100mm;1:1.8;82mm;1:6.70;0.95m;Sigma SA;APS-C;1490g;93.5x170.7mm;
Voking 12mm 2.8;12mm;1:2.8;72mm;;;Fujifilm X, Sony E, Nikon 1, Micro-Four-Thirds;APS-C;330g;;
Meike 28mm 2.8;28mm;1:2.8;49mm;1:9.09;;Micro-Four-Thirds;APS-C;102g;60.4x29mm;
Walimex Pro 800mm 8.0;800mm;1:8.0;35mm;;3.50m;Sony E, Micro-Four-Thirds, Sony A, Samsung NX, Pentax Q, Pentax K, Nikon F, Canon EF-M;APS-C;946g;111x113mm;
Tamron SP AF 90mm 2.8 Di Makro 1:1 mit AF-Motor;90mm;1:2.8;55mm;1:1.00;0.29m;Nikon F;APS-C/ Kleinbild;405g;71.5x97mm;
Nikon AF-S VR 200-500mm 5.6E ED;200-500mm;1:5.6;95mm;1:4.50;2.20m;Nikon F;APS-C/ Kleinbild;2300g;108x267.5mm;
Nikon AF-S Micro 60mm 2.8G ED;60mm;1:2.8;62mm;1:1.00;0.19m;Nikon F;APS-C/ Kleinbild;425g;73x89mm;
Tamron SP AF 17-50mm 2.8 XR Di II LD Asp IF mit AF-Motor;17-50mm;1:2.8;67mm;1:4.50;0.27m;Nikon F;APS-C;430g;73.8x83.2mm;
Nikon AF Micro 60mm 2.8D;60mm;1:2.8;62mm;1:1.00;0.22m;Nikon F;APS-C/ Kleinbild;440g;70x74.5mm;
Walimex Pro 14mm 3.1 VDSLR;14mm;1:3.1;;;0.28m;Sony E, Nikon 1, Sony A, Samsung NX, Nikon F, Micro-Four-Thirds, Fujifilm X;APS-C/ Kleinbild;643g;87x122.1mm;
Walimex Pro T-S 24mm 3.5;24mm;1:3.5;82mm;;0.20m;Sony E, Pentax K, Four-Thirds, Canon EF;APS-C/ Kleinbild;734g;86x139mm;
Nikon AF-P VR DX 70-300mm 4.5-6.3G ED;70-300mm;1:4.5-1:6.3;58mm;1:4.50;1.10m;Nikon F;APS-C;415g;72x125mm;
Tamron SP AF 70-200mm 2.8 Di USD;70-200mm;1:2.8;77mm;1:8.00;1.30m;Sony A;APS-C/ Kleinbild;1470g;85.8x188.3mm;
Sigma Art AF 24-70mm 2.8 DG OS HSM;24-70mm;1:2.8;82mm;1:4.76;0.37m;Canon EF;APS-C/ Kleinbild;1020g;88x107.6mm;
Tamron SP AF 85mm 1.8 Di USD;85mm;1:1.8;67mm;1:7.20;0.80m;Sony A;APS-C/ Kleinbild;700g;84.8x91.3mm;
Leica Summaron-M 28mm 5.6;28mm;1:5.6;34mm;1:33.40;1.00m;Leica M;APS-C/ Kleinbild;165g;51x18mm;
Canon EF-M 15-45mm 3.5-6.3 IS STM;15-45mm;1:3.5-1:6.3;49mm;1:4.00;0.25m;Canon EF-M;APS-C;130g;60.9x44.5mm;
Panasonic/Leica DG Elmarit 200mm 2.8 Power OIS;200mm;1:2.8;77mm;1:5.00;1.15m;Micro-Four-Thirds;Four-Thirds;1250g;88x174mm;
Walimex Pro 8mm 3.5 Fisheye;8mm;1:3.5;;;0.30m;Pentax K, Micro-Four-Thirds, Canon EF;APS-C;400g;75x100mm;
Hasselblad XCD 45mm 3.5;45mm;1:3.5;67mm;1:6.40;0.40m;Hasselblad X;Mittelformat;417g;77x75mm;
SLR Magic Hyper Prime 23mm 1.7;23mm;1:1.7;49mm;;;Micro-Four-Thirds;Four-Thirds;265g;50x61.3mm;
Nikon AF-S VR DX 18-200mm 3.5-5.6G IF-ED;18-200mm;1:3.5-1:5.6;72mm;1:4.55;0.50m;Nikon F;APS-C;560g;77x96.5mm;
Mitakon Speedmaster 85mm 1.2;85mm;1:1.2;77mm;;1.00m;Sony E;APS-C/ Kleinbild;921g;;
Canon EF-S 18-55mm 4.0-5.6 IS STM;18-55mm;1:4.0-1:5.6;58mm;1:4.00;0.25m;Canon EF-S;APS-C;215g;66.5x61.8mm;
Olympus Zuiko digital 11-22mm 2.8-3.5;11-22mm;1:2.8-1:3.5;72mm;1:7.69;0.28m;Four-Thirds;Four-Thirds;485g;75x92.5mm;
Sigma AF 55-200mm 4.0-5.6 DC;55-200mm;1:4.0-1:5.6;55mm;1:5.56;1.10m;Sigma SA;APS-C;310g;71x84.6mm;
Leica Summilux-TL 35mm 1.4 ASPH;35mm;1:1.4;60mm;1:9.40;0.40m;Leica L;APS-C/ Kleinbild;428g;70x77mm;
Fujifilm XF 23mm 1.4 R;23mm;1:1.4;62mm;1:10.00;0.28m;Fujifilm X;APS-C;300g;72x63mm;
Pentax HD DA 55-300mm 4.5-6.3 ED PLM WR RE;55-300mm;1:4.5-1:6.3;58mm;1:3.33;0.95m;Pentax K;APS-C;442g;76.5x89mm;
Walimex Pro 24mm 1.5 VDSLR;24mm;1:1.5;77mm;;0.25m;Sony E, Nikon F, Micro-Four-Thirds, Sony A, Samsung NX, Pentax K, Nikon 1, Canon EF;APS-C;638g;83x123.5mm;
Zeiss ZE Distagon T* 35mm 2.0;35mm;1:2.0;58mm;;0.30m;Canon EF;APS-C/ Kleinbild;530g;65x73mm;
Sigma Contemporary AF 150-600mm 5.0-6.3 DG OS HSM;150-600mm;1:5.0-1:6.3;95mm;1:5.00;2.80m;Canon EF, Nikon F, Sigma SA;APS-C/ Kleinbild;1930g;105x260.1mm;
Voigtländer VM Heliar 40mm 2.8;40mm;1:2.8;37mm;;0.50m;Leica M;Mittelformat;132g;51x12.6mm;
Sony 18-55mm 3.5-5.6 DT SAMIII;18-55mm;1:3.5-1:5.6;55mm;1:2.94;0.25m;Sony A;APS-C;222g;69.5x69mm;
Nikon AF 50mm 1.4D;50mm;1:1.4;52mm;1:7.14;0.45m;Nikon F;APS-C/ Kleinbild;230g;64.5x42.5mm;
Zeiss Loxia 35mm 2.0;35mm;1:2.0;52mm;1:5.80;0.30m;Sony E;APS-C/ Kleinbild;340g;62x59mm;
HandeVision Iberit 24mm 2.4;24mm;1:2.4;49mm;;0.25m;Sony E;APS-C/ Kleinbild;320g;58x68mm;
Nikon AF-S VR 70-200mm 4.0G ED;70-200mm;1:4.0;67mm;1:3.65;1.00m;Nikon F;APS-C/ Kleinbild;850g;78x179mm;
Sony E 10-18mm 4.0 OSS;10-18mm;1:4.0;62mm;1:10.00;0.25m;Sony E;APS-C;225g;70x63.5mm;
Samyang 50mm 1.2 AS UMC CS;50mm;1:1.2;62mm;;0.50m;Fujifilm X, Sony E, Canon EF-M;APS-C;380g;67.5x74.5mm;
Sony 18-250mm 3.5-6.3 DT;18-250mm;1:3.5-1:6.3;62mm;1:3.45;0.45m;Sony A;APS-C;440g;75x86mm;
Samyang 100mm T3.1 VDSLR ED UMC Makro;100mm;1:3.1;67mm;1:1.00;0.31m;Four-Thirds, Canon EF-M;Four-Thirds;740g;81.6x128.4mm;
Leica Elmarit-S 45mm 2.8 ASPH CS;45mm;1:2.8;82mm;1:10.10;0.60m;Leica S;APS-C/ Kleinbild;1300g;88x136mm;
Dörr 420-800mm 8.3 T2;420-800mm;1:8.3;67mm;;;T2;;680g;70x320mm;
Tamron SP AF 70-300mm 4.0-5.6 Di USD;70-300mm;1:4.0-1:5.6;62mm;1:4.00;1.50m;Sony A;APS-C/ Kleinbild;765g;81.5x142.7mm;
Tamron AF 18-200mm 3.5-6.3 XR Di II LD Asp IF Makro;18-200mm;1:3.5-1:6.3;62mm;1:3.70;0.45m;Canon EF-S, Sony A;APS-C;398g;73.8x83.7mm;
Voigtländer Classic Collection Nokton 35mm 1.4;35mm;1:1.4;43mm;;0.70m;Leica M;Mittelformat;200g;55x28.5mm;
Sigma Art AF 12-24mm 4.0 DG HSM;12-24mm;1:4.0;;1:4.90;0.24m;Nikon F, Canon EF, Sigma SA;APS-C/ Kleinbild;1150g;102x131m.5mGewicht:1.15kgmm;
Nikon AF-S 17-35mm 2.8D IF-ED;17-35mm;1:2.8;77mm;1:4.76;0.28m;Nikon F;APS-C/ Kleinbild;750g;83x106mm;
Dörr 12mm 7.4 Fisheye;12mm;1:7.4;;;0.30m;Sony E;APS-C;220g;65x59mm;
Voigtländer Classic Collection Ultron 21mm 1.8;21mm;1:1.8;58mm;;0.50m;Leica M;Mittelformat;412g;69x78.4mm;
Zeiss ZF.2 Milvus 35mm 2.0;35mm;1:2.0;58mm;1:5.30;0.30m;Nikon F;APS-C/ Kleinbild;649g;77x81.3mm;
Sony FE 100-400mm 4.5-5.6 GM OSS;100-400mm;1:4.5-1:5.6;77mm;1:2.86;0.98m;Sony E;APS-C/ Kleinbild;1400g;93.9x205mm;
Voigtländer Classic Collection Nokton 50mm 1.1;50mm;1:1.1;58mm;;1.00m;Leica M;Mittelformat;428g;69.6x57.2mm;
Samyang 50mm T1.3 AS UMC CS;50mm;1:1.3;62mm;;0.50m;Sony E, Canon EF-M;APS-C;400g;73.6x74.2mm;
Canon EF-S 10-18mm 4.5-5.6 IS STM;10-18mm;1:4.5-1:5.6;67mm;1:6.67;0.22m;Canon EF-S;APS-C;240g;74.6x72mm;
Fujifilm XF 50-140mm 2.8 R LM OIS WR;50-140mm;1:2.8;72mm;1:8.33;1.00m;Fujifilm X;APS-C;995g;82.9x175.9mm;
Meyer Optik Görlitz Primoplan 58mm 1.9;58mm;1:1.9;37mm;;;Sony E, Pentax K, Nikon F, Micro-Four-Thirds, M42, Leica M, Leica L, Fujifilm X, Canon EF;APS-C/ Kleinbild;200g;;
Olympus M.Zuiko digital 15mm 8.0 Body Cap Lens;15mm;1:8.0;;1:16.67;0.30m;Micro-Four-Thirds;Four-Thirds;22g;56x9mm;
Sigma Sports AF 120-300mm 2.8 DG HSM OS;120-300mm;1:2.8;105mm;1:8.10;1.50m;Nikon F, Canon EF, Sigma SA;APS-C/ Kleinbild;3390g;124.4x291mm;
Nikon AF-S 50mm 1.8G SE;50mm;1:1.8;58mm;1:6.70;0.45m;Nikon F;APS-C/ Kleinbild;190g;73x52.5mm;
Meyer Optik Görlitz Trioplan 100mm 2.8;100mm;1:2.8;52mm;;1.10m;Sony E, Nikon F, M42, Leica M, Fujifilm X;APS-C/ Kleinbild;800g;;
Canon EF-M 18-150mm 3.5-6.3 IS STM;18-150mm;1:3.5-1:6.3;55mm;1:4.76;0.25m;Canon EF-M;APS-C;300g;60.9x86.5mm;
Samsung NX 16-50mm 2.0-2.8 S ED OIS i-Function;16-50mm;1:2.0-1:2.8;;1:5.26;0.30m;Samsung NX;APS-C;622g;81x97mm;
Samyang 8mm T3.8 UMC Fisheye CS II VDSLR;8mm;1:3.8;;;0.30m;Sony E, Sony A, Samsung NX, Pentax K, Nikon F, Micro-Four-Thirds, Fujifilm X;APS-C;465g;77.8x101.1mm;
Canon EF 200mm 2.8 L II USM;200mm;1:2.8;72mm;1:6.25;1.50m;Canon EF;APS-C/ Kleinbild;765g;83.2x136mm;
Dörr 9.3mm 8.0 Fisheye;9.3mm;1:8.0;;;0.30m;Micro-Four-Thirds;APS-C;220g;65x57mm;
Meyer Optik Görlitz Trioplan 50mm 2.9;50mm;1:2.9;35.5mm;;0.25m;Sony E, Nikon F, M42, Leica M, Fujifilm X, Canon EF;APS-C/ Kleinbild;200g;;
Canon EF 70-300mm 4.0-5.6 L IS USM;70-300mm;1:4.0-1:5.6;67mm;1:4.76;1.20m;Canon EF;APS-C/ Kleinbild;1050g;89x143mm;
Canon EF 100mm 2.0 USM;100mm;1:2.0;58mm;1:7.14;0.90m;Canon EF;APS-C/ Kleinbild;460g;75x73.5mm;
Tamron SP AF 70-200mm 2.8 Di LD IF Makro;70-200mm;1:2.8;77mm;1:3.10;0.95m;Sony A, Nikon F, Pentax K;APS-C/ Kleinbild;1150g;89.5x194.3mm;
Olympus M.Zuiko digital ED 12mm 2.0 Limited Edition;12mm;1:2.0;46mm;1:12.50;0.20m;Micro-Four-Thirds;Four-Thirds;130g;56x43mm;
Samyang 21mm 1.4 ED AS UMC CS;21mm;1:1.4;58mm;;0.28m;Sony E, Micro-Four-Thirds, Fujifilm X;APS-C;275g;58x67.6mm;
Zeiss ZF.2 Makro-Planar T* 100mm 2.0;100mm;1:2.0;67mm;1:2.00;0.44m;Nikon F;APS-C/ Kleinbild;680g;76x89mm;
Canon EF-S 55-250mm 4.0-5.6 IS STM mit ET-63 und LC-Kit;55-250mm;1:4.0-1:5.6;58mm;1:3.45;0.85m;Canon EF-S;APS-C;375g;70x111mm;
Zeiss ZE Milvus 50mm 2.0 Makro;50mm;1:2.0;67mm;1:2.00;0.24m;Canon EF;APS-C/ Kleinbild;730g;81x75.3mm;
Panasonic Lumix G Vario 45-150mm 4.0-5.6 OIS;45-150mm;1:4.0-1:5.6;52mm;1:5.88;0.90m;Micro-Four-Thirds;Four-Thirds;200g;62x73mm;
Nikon Micro 55mm 2.8;55mm;1:2.8;52mm;;0.25m;Nikon F;APS-C/ Kleinbild;210g;62x63.5mm;
Walimex Pro 8mm 2.8 Fisheye;8mm;1:2.8;;;0.30m;Sony E;APS-C;215g;60x55.8mm;
Samyang 24mm T1.5 AS IF UMC II VDSLR;24mm;1:1.5;77mm;;0.26m;Four-Thirds, Canon EF-M;Four-Thirds;630g;83x102.8mm;
Voigtländer Classic Collection Nokton 40mm 1.4;40mm;1:1.4;;;0.70m;Leica M;Mittelformat;175g;55x29.7mm;
Meyer Optik Görlitz Trimagon 95mm 2.6;95mm;1:2.6;52mm;;;Sony E;APS-C/ Kleinbild;380g;55x122mm;
Sigma AF 800mm 5.6 EX DG APO HSM IF;800mm;1:5.6;46mm;1:8.80;7.00m;Nikon F, Sigma SA, Canon EF;APS-C/ Kleinbild;4900g;156.5x521mm;
Yongnuo 100mm 2.0;100mm;1:2.0;58mm;1:7.14;0.90m;Canon EF;APS-C/ Kleinbild;387g;76x83mm;
Voking 28mm 2.8;28mm;1:2.8;49mm;;0.25m;Sony E, Nikon 1, Fujifilm X, Canon EF-M;APS-C;102g;60.4x29mm;
Sigma AF 19mm 2.8 EX DN;19mm;1:2.8;46mm;1:7.40;0.20m;Micro-Four-Thirds;Four-Thirds;140g;60.6x45.7mm;
Pentax smc DA 10-17mm 3.5-4.5 ED Fisheye-Zoom;10-17mm;1:3.5-1:4.5;;1:2.63;0.14m;Pentax K;APS-C;320g;71.5x68mm;
Leica Noctilux-M 50mm 0.95 ASPH;50mm;1:0.95;60mm;1:17.00;1.00m;Leica M;APS-C/ Kleinbild;700g;73x75.1mm;
Pentax HD DA 70mm 2.4 Limited;70mm;1:2.4;49mm;1:8.33;0.70m;Pentax K;APS-C;131g;63x26mm;
Canon EF-S 15-85mm 3.5-5.6 IS USM;15-85mm;1:3.5-1:5.6;72mm;1:4.76;0.35m;Canon EF-S;APS-C;575g;81.6x87.5mm;
Dörr Danubia 500mm 8.0 T2;500mm;1:8.0;67mm;;;T2;;710g;70x315mm;
Samyang 20mm T1.9 ED AS UMC;20mm;1:1.9;77mm;;0.20m;Sony E;APS-C/ Kleinbild;546g;83x114.4mm;
SLR Magic Hyper Prime 25mm 0.95;25mm;1:0.95;52mm;;0.20m;Micro-Four-Thirds;Four-Thirds;475g;50x74.6mm;
Yongnuo 85mm 1.8;85mm;1:1.8;58mm;1:7.69;0.85m;Canon EF;APS-C/ Kleinbild;460g;81x79.5mm;
Leica Summarit-M 35mm 2.4 ASPH;35mm;1:2.4;;;0.80m;Leica M;APS-C/ Kleinbild;197g;52x34mm;
Canon EF-M 28mm 3.5 Macro IS STM;28mm;1:3.5;43mm;1:0.83;0.09m;Canon EF-M;APS-C;130g;60.9x45.5mm;
Tamron AF 55-200mm 4.0-5.6 Di II LD Makro;55-200mm;1:4.0-1:5.6;52mm;1:3.50;0.95m;Nikon F;APS-C;295g;71.6x83mm;
Canon EF 85mm 1.4 L IS USM;85mm;1:1.4;77mm;1:8.33;0.85m;Canon EF;APS-C/ Kleinbild;960g;88.6x105.4mm;
Nikon AF-S VR DX 55-300mm 4.5-5.6G ED;55-300mm;1:4.5-1:5.6;58mm;1:3.57;1.40m;Nikon F;APS-C;530g;76.5x123mm;
Pentax smc DA 300mm 4.0 ED IF SDM;300mm;1:4.0;77mm;1:4.17;1.40m;Pentax K;APS-C;1070g;83x184mm;
Zeiss Touit 50mm 2.8;50mm;1:2.8;52mm;1:1.00;0.15m;Fujifilm X, Sony E;APS-C;290g;65x91mm;
Zeiss Loxia 85mm 2.4;85mm;1:2.4;52mm;1:7.20;0.80m;Sony E;APS-C/ Kleinbild;594g;62.5x94.8mm;
Tamron SP AF 90mm 2.8 Di USD Makro 1:1;90mm;1:2.8;58mm;1:1.00;0.30m;Sony A;APS-C/ Kleinbild;550g;76.4x114.5mm;
Laowa 105mm 2.0 (T3.2) STF;105mm;1:2.0;67mm;1:6.15;0.90m;Sony A, Pentax K, Nikon F, Canon EF;APS-C/ Kleinbild;745g;76x98.9mm;
Samyang 650-1300mm 8.0-16.0 Asph MC IF;650-1300mm;1:8.0-1:16.0;95mm;;5.00m;;APS-C/ Kleinbild;2000g;105x462.9mm;
Samyang 12mm 2.8 ED AS NCS Fisheye;12mm;1:2.8;;;0.20m;Sony E, Nikon F, Canon EF, Sony A, Samsung NX, Micro-Four-Thirds;APS-C/ Kleinbild;525g;77.3x98.7mm;
Walimex Pro 14mm 2.8;14mm;1:2.8;;;0.28m;Sony E, Canon EF-M, Sony A, Samsung NX, Pentax K, Micro-Four-Thirds;APS-C/ Kleinbild;550g;87x96.1mm;
Tokina AT-X Pro 16-28mm 2.8 FX;16-28mm;1:2.8;;1:5.62;;Canon EF;APS-C/ Kleinbild;950g;90x133.3mm;
Nikon AF-S VR 200-400mm 4.0G IF-ED II;200-400mm;1:4.0;52mm;1:3.70;2.00m;Nikon F;APS-C/ Kleinbild;3360g;124x365.5mm;
Nikon 1 NIKKOR 18.5mm 1.8;18.5mm;1:1.8;40.5mm;1:8.30;0.20m;Nikon 1;Nikon CX;70g;56x36mm;
Pentax smc FA 645 400mm 5.6 ED IF;400mm;1:5.6;77mm;1:6.67;3.00m;Pentax 645;APS-C/ Kleinbild;1260g;75x252mm;
Sigma AF 18-125mm 3.5-5.6 DC Asp IF;18-125mm;1:3.5-1:5.6;62mm;;0.50m;Nikon F;APS-C;405g;70x83mm;
Walimex Pro 12mm 3.1 Fisheye VDSLR;12mm;1:3.1;;;0.20m;Samsung NX, Nikon F, Canon EF;APS-C;565g;72x98mm;
Zeiss ZF.2 Distagon T* 25mm 2.8;25mm;1:2.8;58mm;;0.17m;Nikon F;APS-C/ Kleinbild;480g;65x66mm;
Samyang 85mm 1.4 Asph IF UMC;85mm;1:1.4;72mm;;1.00m;Canon EF, Sony A, Nikon F;APS-C/ Kleinbild;539g;78x75mm;
Samyang 10mm T3.1 ED AS NCS CS;10mm;1:3.1;;;0.24m;Sony E, Pentax K, Micro-Four-Thirds, Canon EF;APS-C;630g;87x132.1mm;
Samyang 8mm 3.5 Asph IF MC Fisheye;8mm;1:3.5;;;0.30m;Canon EF, Four-Thirds;APS-C;435g;75x74.8mm;
Canon EF 70-300mm 4.0-5.6 IS USM;70-300mm;1:4.0-1:5.6;58mm;1:3.80;1.50m;Canon EF;APS-C/ Kleinbild;630g;76.5x142.8mm;
Olympus Zuiko digital ED 300mm 2.8;300mm;1:2.8;43mm;1:6.67;2.00m;Four-Thirds;Four-Thirds;3290g;129x281mm;
Canon EF-S 18-135mm 3.5-5.6 IS STM;18-135mm;1:3.5-1:5.6;67mm;1:3.57;0.39m;Canon EF-S;APS-C;480g;76.6x96mm;
Leica Summarit-M 35mm 2.5;35mm;1:2.5;;1:20.40;0.80m;Leica M;APS-C/ Kleinbild;220g;51.4x34mm;
Meike 35mm 1.7;35mm;1:1.7;49mm;1:8.85;;Sony E;APS-C;176g;60.5x41mm;
Lensbaby Velvet 56mm 1.6;56mm;1:1.6;62mm;1:2.00;0.13m;Fujifilm X, Canon EF, Sony A, Samsung NX, Pentax K, Nikon F, Micro-Four-Thirds;APS-C/ Kleinbild;400g;72x85mm;
Nikon AF-S 50mm 1.8G;50mm;1:1.8;58mm;1:6.70;0.45m;Nikon F;APS-C/ Kleinbild;185g;72x52.5mm;
Canon EF-S 35mm 2.8 Macro IS STM;35mm;1:2.8;49mm;1:1.00;0.13m;Canon EF-S;APS-C;190g;69.2x55.8mm;
Laowa 12mm 2.8 Zero-D;12mm;1:2.8;;1:5.00;0.18m;Nikon F, Canon EF, Sony E, Sony A;APS-C/ Kleinbild;609g;78.8x82.8mm;
Walimex Pro 300mm 6.3 ED UMC CS Reflex;300mm;1:6.3;;;0.90m;Sony E, Micro-Four-Thirds, Canon EF-M;APS-C;318g;64.5x74mm;
Tamron AF 70-300mm 4.0-5.6 Di LD Makro 1:2;70-300mm;1:4.0-1:5.6;62mm;1:2.00;0.95m;Pentax K, Nikon F;APS-C/ Kleinbild;435g;76.6x116.5mm;
Sigma AF 50mm 1.4 EX DG HSM;50mm;1:1.4;77mm;1:7.40;0.45m;Nikon F, Sony A;APS-C/ Kleinbild;505g;84.5x68.2mm;
Nikon AF 180mm 2.8D IF-ED;180mm;1:2.8;72mm;1:6.67;1.50m;Nikon F;APS-C/ Kleinbild;760g;78.5x144mm;
Panasonic Lumix G 25mm 1.7;25mm;1:1.7;46mm;1:7.14;0.25m;Micro-Four-Thirds;Four-Thirds;125g;60.8x52mm;
Walimex Pro 100mm T3.1 Makro VDSLR;100mm;1:3.1;67mm;1:1.00;0.30m;Nikon F, Canon EF, Pentax K;APS-C/ Kleinbild;775g;82x149mm;
Samyang 800mm 8.0 MC IF Mirror;800mm;1:8.0;30mm;;3.50m;;APS-C/ Kleinbild;946g;111x114.5mm;
Sigma AF 24-70mm 2.8 EX DG HSM;24-70mm;1:2.8;82mm;1:5.30;0.38m;Nikon F;APS-C/ Kleinbild;790g;88.6x94.7mm;
Tamron SP AF 35mm 1.8 Di USD;35mm;1:1.8;67mm;1:2.50;0.20m;Sony A;APS-C/ Kleinbild;480g;80.4x80.8mm;
Olympus M.Zuiko digital ED 12-40mm 2.8 PRO;12-40mm;1:2.8;62mm;1:3.33;0.20m;Micro-Four-Thirds;Four-Thirds;382g;70x84mm;
Walimex Pro 135mm 2.0;135mm;1:2.0;77mm;;0.80m;Sony A, Pentax K, Micro-Four-Thirds, Canon EF-M;APS-C/ Kleinbild;884g;82x120mm;
Zeiss ZF.2 Otus 28mm 1.4;28mm;1:1.4;95mm;1:6.25;0.30m;Nikon F;APS-C/ Kleinbild;1350g;108.9x127mm;
Fujifilm XF 55-200mm 3.5-4.8 R LM OIS;55-200mm;1:3.5-1:4.8;62mm;1:5.56;1.10m;Fujifilm X;APS-C;580g;75x118mm;
Sigma Art AF 135mm 1.8 DG HSM;135mm;1:1.8;82mm;1:5.00;0.88m;Canon EF;APS-C/ Kleinbild;1130g;91.4x114.9mm;
Voigtländer APO-Lanthar 65mm 2.0 Macro;65mm;1:2.0;67mm;1:2.00;0.31m;Sony E;APS-C/ Kleinbild;;77.2x98.5mm;
Leica Summicron-M 50mm 2.0;50mm;1:2.0;39mm;1:11.50;0.70m;Leica M;APS-C/ Kleinbild;335g;53x43.5mm;
Tamron SP AF 150-600mm 5.0-6.3 Di VC USD;150-600mm;1:5.0-1:6.3;95mm;1:5.00;2.70m;Canon EF, Nikon F;APS-C/ Kleinbild;1950g;105.6x257.8mm;
Voigtländer Classic Collection Super Wide Heliar 15mm 4.5;15mm;1:4.5;;;0.30m;Leica M;Mittelformat;105g;49.6x30.7mm;
Pentax smc DA 50-200mm 4.0-5.6 ED WR;50-200mm;1:4.0-1:5.6;49mm;1:4.17;1.10m;Pentax K;APS-C;285g;79.5x69mm;
Olympus Zuiko digital ED 14-35mm 2.0 SWD;14-35mm;1:2.0;77mm;1:8.33;0.35m;Four-Thirds;Four-Thirds;915g;86x133mm;
Nikon AF-S VR 24-85mm 3.5-4.5G ED;24-85mm;1:3.5-1:4.5;72mm;1:4.50;0.38m;Nikon F;APS-C/ Kleinbild;465g;78x82mm;
Olympus Zuiko digital 25mm 2.8 Pancake;25mm;1:2.8;43mm;1:5.26;0.20m;Four-Thirds;Four-Thirds;95g;64x23.5mm;
Zeiss ZE Otus 28mm 1.4;28mm;1:1.4;95mm;1:6.25;0.30m;Canon EF;APS-C/ Kleinbild;1390g;108.9x129.5mm;
Sigma AF 150-500mm 5.0-6.3 DG APO HSM OS;150-500mm;1:5.0-1:6.3;86mm;1:5.20;2.20m;Canon EF;APS-C/ Kleinbild;1910g;94.7x252mm;
Sigma AF 300mm 2.8 EX DG APO HSM IF;300mm;1:2.8;46mm;1:7.50;2.50m;Canon EF, Sigma SA, Nikon F;APS-C/ Kleinbild;2400g;119x214.5mm;
Zeiss ZF Planar T* 85mm 1.4;85mm;1:1.4;72mm;;1.00m;Nikon F;APS-C/ Kleinbild;570g;77x62mm;
Kowa Prominar 12mm 1.8;12mm;1:1.8;72mm;1:10.00;0.20m;Micro-Four-Thirds;Four-Thirds;475g;76.5x90.5mm;
Canon EF-S 17-55mm 2.8 IS USM;17-55mm;1:2.8;77mm;1:5.88;0.35m;Canon EF-S;APS-C;645g;83.5x110.6mm;
Sigma Art AF 60mm 2.8 DN;60mm;1:2.8;46mm;1:7.2;0.5m;Sony E;APS-C;;60.8x55.6mm;
Walimex Pro Set All Star II;;;;;;Nikon F;;;;
Canon EF-S 55-250mm 4.0-5.6 IS II;55-250mm;1:4.0-1:5.6;58mm;1:3.23;1.10m;Canon EF-S;APS-C;390g;70x108mm;
Sigma AF 50-200mm 4.0-5.6 DC OS HSM;50-200mm;1:4.0-1:5.6;55mm;1:4.50;1.10m;Sony A, Pentax K, Nikon F;APS-C;420g;74x101.9mm;
Laowa 15mm 4.0 1:1 Macro;15mm;1:4.0;77mm;1:1.00;0.12m;Nikon F, Sony A;APS-C/ Kleinbild;410g;83.8x64.7mm;
Walimex Pro 500mm 6.3;500mm;1:6.3;34mm;;2.00m;Sony E, Sony A, Samsung NX, Pentax K, Nikon F, Canon EF-M;APS-C/ Kleinbild;705g;95x120mm;
Tokina AT-X 10-17mm 3.5-4.5 AF DX Fisheye;10-17mm;1:3.5-1:4.5;;1:2.56;0.14m;Nikon F;APS-C;350g;70x71.1mm;
Olympus M.Zuiko digital ED 12-100mm 4.0 IS PRO;12-100mm;1:4.0;72mm;1:3.33;0.15m;Micro-Four-Thirds;Four-Thirds;561g;77.5x116.5mm;
Tamron 18-400mm 3.5-6.3 Di II VC HLD;18-400mm;1:3.5-1:6.3;72mm;1:2.90;0.45m;Canon EF-S;APS-C;710g;79x123.9mm;
Leica Summarit-S 70mm 2.5 ASPH;70mm;1:2.5;82mm;1:4.70;0.50m;Leica S;APS-C/ Kleinbild;740g;90x93mm;
Samyang AF 14mm 2.8 FE ASP ED UMC;14mm;1:2.8;;1:8.33;0.20m;Sony E;APS-C/ Kleinbild;505g;85.5x97.5mm;
Olympus M.Zuiko digital ED 75mm 1.8;75mm;1:1.8;58mm;1:10.00;0.84m;Micro-Four-Thirds;Four-Thirds;305g;64x69mm;
Nikon AF-S VR 600mm 4.0G ED;600mm;1:4.0;52mm;1:7.40;5.00m;Nikon F;APS-C/ Kleinbild;5060g;166x445mm;
Sigma AF 10mm 2.8 EX DC Diagonal Fisheye;10mm;1:2.8;;1:3.30;0.14m;Pentax K, Sony A;APS-C;;75.8x83.1mm;
Pentax smc DA L 50-200mm 4.0-5.6 ED;50-200mm;1:4.0-1:5.6;52mm;1:4.17;1.10m;Pentax K;APS-C;235g;78.5x66.5mm;
Panasonic/Leica DG Summilux 15mm 1.7 ASPH;15mm;1:1.7;46mm;1:10.00;0.20m;Micro-Four-Thirds;Four-Thirds;115g;58x36mm;
Voking 8mm 3.5;8mm;1:3.5;;;;Canon EF-S;APS-C;570g;;
Nikon AF-S VR 400mm 2.8G ED;400mm;1:2.8;52mm;1:6.30;2.90m;Nikon F;APS-C/ Kleinbild;4620g;159.5x368mm;
Sony FE 24-105mm 4.0 G OSS;24-105mm;1:4.0;77mm;1:3.23;0.38m;Sony E;APS-C/ Kleinbild;663g;83.4x113.3mm;
Zeiss ZM Distagon T* 15mm 2.8;15mm;1:2.8;72mm;1:18.18;0.30m;Leica M;APS-C/ Kleinbild;500g;;
Tamron SP AF 15-30mm 2.8 Di VC USD;15-30mm;1:2.8;;1:5.00;0.28m;Canon EF;APS-C/ Kleinbild;1100g;98.4x145mm;
Sigma Art AF 24-105mm 4.0 DG OS HSM;24-105mm;1:4.0;82mm;1:4.60;0.45m;Canon EF, Sigma SA;APS-C/ Kleinbild;885g;88.6x109.4mm;
Panasonic Lumix G X Vario 12-35mm 2.8 ASPH II OIS;12-35mm;1:2.8;58mm;1:5.88;0.25m;Micro-Four-Thirds;Four-Thirds;305g;67.6x73.8mm;
Canon Objektiv CN-E 135mm T2.2 L F;135mm;1:2.2;;;;Canon EF;APS-C/ Kleinbild;;;
Fujifilm XF 16-55mm 2.8 R LM WR;16-55mm;1:2.8;77mm;1:6.25;0.30m;Fujifilm X;APS-C;655g;83.3x106mm;
Sigma AF 50mm 2.8 EX DG Makro;50mm;1:2.8;55mm;1:1.00;0.19m;Nikon F, Sony A, Sigma SA;APS-C/ Kleinbild;315g;71.4x64mm;
Canon EF 24-85mm 3.5-4.5 USM;24-85mm;1:3.5-1:4.5;67mm;1:6.25;0.50m;Canon EF;APS-C/ Kleinbild;380g;73x69.5mm;
Canon EF 24-70mm 2.8 II L USM;24-70mm;1:2.8;82mm;1:4.76;0.38m;Canon EF;APS-C/ Kleinbild;805g;88.5x113mm;
Meyer Optik Görlitz Figmentum 35mm 2.0;35mm;1:2.0;55mm;;0.25m;Nikon F;APS-C/ Kleinbild;370g;;
Olympus M.Zuiko digital ED 40-150mm 4.0-5.6 R MSC;40-150mm;1:4.0-1:5.6;58mm;1:6.25;0.90m;Micro-Four-Thirds;Four-Thirds;190g;63.5x83mm;
Sigma AF 30mm 1.4 EX DC HSM;30mm;1:1.4;62mm;1:10.40;0.40m;Nikon F;APS-C;430g;76.6x59mm;
Voigtländer Heliar 10mm 5.6;10mm;1:5.6;;;0.30m;Sony E;APS-C/ Kleinbild;371g;67.8x73.8mm;
Nikon AF-S 20mm 1.8G ED;20mm;1:1.8;77mm;;0.20m;Nikon F;APS-C/ Kleinbild;355g;;
Nikon 1 NIKKOR VR 10-100mm 4.0-5.6;10-100mm;1:4.0-1:5.6;55mm;1:8.33;0.35m;Nikon 1;Nikon CX;298g;60.5x70.5mm;
Panasonic Lumix G 14mm 2.5 ASPH;14mm;1:2.5;46mm;;0.18m;Micro-Four-Thirds;Four-Thirds;55g;;
Tokina AT-X 28-70mm 2.6-2.8;;;;;;;;;;
HandeVision Ibelux 40mm 0.85;40mm;1:0.85;67mm;1:20.00;0.75m;Sony E, Micro-Four-Thirds, Fujifilm X;APS-C;1150g;74x128mm;
Samyang 35mm T1.3 AS UMC CS;35mm;1:1.3;62mm;;0.38m;Micro-Four-Thirds;Four-Thirds;436g;73.6x73mm;
Zeiss ZE Milvus 35mm 1.4;35mm;1:1.4;72mm;1:4.60;0.30m;Canon EF;APS-C/ Kleinbild;1170g;84.8x125.6mm;
Walimex Pro 8mm 3.8 Fisheye II VDSLR;8mm;1:3.8;;;0.30m;Sony A, Samsung NX, Nikon F, Nikon 1, Micro-Four-Thirds;APS-C;410g;75x76.8mm;
Tamron AF 28-300mm 3.5-6.3 XR Di VC LD Asp IF Makro;28-300mm;1:3.5-1:6.3;67mm;1:3.00;0.49m;Nikon F;APS-C/ Kleinbild;550g;78x99mm;
Olympus M.Zuiko digital ED 12-50mm 3.5-6.3 EZ;12-50mm;1:3.5-1:6.3;52mm;1:2.78;0.20m;Micro-Four-Thirds;Four-Thirds;211g;57x83mm;
Canon EF 400mm 2.8 L IS II USM;400mm;1:2.8;52mm;1:5.88;2.70m;Canon EF;APS-C/ Kleinbild;3850g;163x343mm;
Nikon AF 85mm 1.8D;85mm;1:1.8;62mm;1:10.00;0.85m;Nikon F;APS-C/ Kleinbild;380g;71.5x58.5mm;
Nikon AF-S 18-35mm 3.5-4.5G ED;18-35mm;1:3.5-1:4.5;77mm;1:5.0;0.28m;Nikon F;APS-C/ Kleinbild;385g;83x95mm;
Sony E 55-210mm 4.5-6.3 OSS;55-210mm;1:4.5-1:6.3;49mm;1:4.44;1.00m;Sony E;APS-C;345g;63.8x108mm;
Tamron SP AF 90mm 2.8 Di VC USD Makro 1:1;90mm;1:2.8;62mm;1:1.00;0.30m;Nikon F, Canon EF;APS-C/ Kleinbild;610g;79x117.1mm;
Walimex Pro 8mm 3.1 Fisheye II VCSC;8mm;1:3.1;;;0.30m;Canon EF-M, Sony E, Samsung NX, Fujifilm X;APS-C;265g;73.6x64.4mm;
Tamron 18-200mm 3.5-6.3 Di II;18-200mm;1:3.5-1:6.3;62mm;1:4.00;0.49m;Sony A;APS-C;400g;75x96.6mm;
Zeiss ZF.2 Otus 55mm 1.4;55mm;1:1.4;77mm;1:6.80;0.50m;Nikon F;APS-C/ Kleinbild;970g;83x117.5mm;
Zeiss ZM Distagon T* 18mm 4.0;18mm;1:4.0;58mm;1:23.04;0.50m;Leica M;APS-C/ Kleinbild;320g;;
Sigma AF 70-300mm 4.0-5.6 DG APO Makro mit AF-Motor;70-300mm;1:4.0-1:5.6;58mm;1:4.10;0.95m;Nikon F;APS-C/ Kleinbild;550g;76.6x122mm;
Nikon PC 19mm 4.0E ED;19mm;1:4.0;;1:5.60;0.25m;Nikon F;APS-C/ Kleinbild;885g;89x124mm;
Tamron 18-200mm 3.5-6.3 Di III VC;18-200mm;1:3.5-1:6.3;62mm;1:3.70;0.5m;Sony E, Canon EF-M;APS-C;460g;68x96.7mm;
Walimex Pro 100mm 2.8 Makro DSLR;100mm;1:2.8;67mm;1:1.00;0.30m;Nikon F, Canon EF;APS-C/ Kleinbild;770g;72.5x149mm;
Canon EF 75-300mm 4.0-5.6 III USM;75-300mm;1:4.0-1:5.6;58mm;1:4.00;1.50m;Canon EF;APS-C/ Kleinbild;480g;71x122mm;
Samyang 16mm T2.6 VDSLR ED AS UMC;16mm;1:2.6;77mm;;0.30m;Canon EF, Sony E, Nikon F, Micro-Four-Thirds;APS-C/ Kleinbild;530g;81.7x96.1mm;
Leica Summilux-TL 18mm 2.8 ASPH;18mm;1:2.8;39mm;1:14.00;0.30m;Leica L;APS-C/ Kleinbild;80g;62x21mm;
Zeiss ZE Milvus 135mm 2.0;135mm;1:2.0;77mm;1:4.00;0.80m;Canon EF;APS-C/ Kleinbild;1120g;89.7x115mm;
Tamron SP AF 85mm 1.8 Di VC USD;85mm;1:1.8;67mm;1:7.20;0.80m;Nikon F;APS-C/ Kleinbild;700g;84.8x91.3mm;
Samyang AF 35mm 1.4 FE;35mm;1:1.4;67mm;1:5.88;0.30m;Sony E;APS-C/ Kleinbild;645g;75.9x115mm;
Leica Summarit-S 70mm 2.5 ASPH CS;70mm;1:2.5;82mm;1:4.70;0.50m;Leica S;APS-C/ Kleinbild;740g;90x93mm;
Olympus M.Zuiko digital ED 8mm 1.8 PRO Fisheye;8mm;1:1.8;;1:5.00;0.12m;Micro-Four-Thirds;Four-Thirds;315g;62x80mm;
Sigma AF 28-105mm 2.8-4.0 Asp IF;28-105mm;1:2.8-1:4.0;72mm;;0.50m;Sony A;APS-C;405g;79.5x77mm;
Voigtländer Heliar 15mm 4.5;15mm;1:4.5;58mm;;0.30m;Sony E;APS-C/ Kleinbild;294g;66.4x67.5mm;
Canon EF 16-35mm 2.8 L III USM;16-35mm;1:2.8;82mm;1:4.00;0.28m;Canon EF;APS-C/ Kleinbild;790g;88.5x127.5mm;
Kowa Prominar 8.5mm 2.8;8.5mm;1:2.8;86mm;1:12.50;0.20m;Micro-Four-Thirds;Four-Thirds;440g;71.5x86.8mm;
Zeiss ZE Distagon T* 15mm 2.8;15mm;1:2.8;95mm;1:18.18;0.25m;Canon EF;APS-C/ Kleinbild;820g;103x135mm;
Sigma AF 12-24mm 4.5-5.6 II DG HSM;12-24mm;1:4.5-1:5.6;;1:6.40;0.28m;Sony A, Canon EF, Sigma SA, Nikon F;APS-C/ Kleinbild;670g;87x120.2mm;
Nikon AF 70-300mm 4.0-5.6G;70-300mm;1:4.0-1:5.6;62mm;1:4.00;1.50m;Nikon F;APS-C/ Kleinbild;470g;74x116.5mm;
Nikon AF-S 85mm 1.8G;85mm;1:1.8;67mm;1:8.00;0.80m;Nikon F;APS-C/ Kleinbild;350g;80x73mm;
Samyang 100mm 2.8 ED UMC Makro;100mm;1:2.8;67mm;1:1.00;0.31m;Sony E, Canon EF, Samsung NX, Pentax K, Nikon F, Fujifilm X, Four-Thirds, Canon EF-M;APS-C/ Kleinbild;730g;72.5x149.1mm;
Olympus M.Zuiko digital ED 40-150mm 4.0-5.6;40-150mm;1:4.0-1:5.6;58mm;1:6.25;0.90m;Micro-Four-Thirds;Four-Thirds;;63.5x83mm;
Tamron AF 18-270mm 3.5-6.3 Di II VC PZD;18-270mm;1:3.5-1:6.3;62mm;1:3.80;0.49m;Canon EF-S, Nikon F;APS-C;450g;74.4x96.4mm;
Walimex Pro 8mm 2.8 Fisheye II;8mm;1:2.8;;;0.30m;Sony E, Samsung NX, Fujifilm X, Canon EF-M;APS-C;290g;60x65mm;
Tokina AT-X Pro 11-16mm 2.8 DX II;11-16mm;1:2.8;77mm;1:11.60;0.30m;Sony A;APS-C;550g;84x89mm;
Nikon 50mm 1.2;50mm;1:1.2;52mm;;0.50m;Nikon F;APS-C/ Kleinbild;360g;68.5x47.5mm;
Voigtländer VM Ultron 35mm 1.7;35mm;1:1.7;43mm;;0.50m;Leica M;Mittelformat;297g;53x50.6mm;
Sigma Contemporary AF 17-70mm 2.8-4.0 DC Makro HSM;17-70mm;1:2.8-1:4.0;72mm;1:2.90;0.22m;Sony A, Pentax K;APS-C;470g;79x82mm;
Leica Summarit-M 90mm 2.4;90mm;1:2.4;;;0.90m;Leica M;APS-C/ Kleinbild;346g;55x67mm;
Leica TS-APO-Elmar-S 120mm 5.6 Tilt/Shift;120mm;1:5.6;95mm;1:5.30;0.92m;Leica S;APS-C/ Kleinbild;1110g;108x144mm;
Sigma AF 10-20mm 3.5 EX DC HSM;10-20mm;1:3.5;82mm;1:6.60;0.24m;Nikon F, Sony A, Sigma SA;APS-C;520g;87.3x88.2mm;
Sony FE 50mm 2.8 Makro;50mm;1:2.8;55mm;1:1.00;0.16m;Sony E;APS-C/ Kleinbild;236g;70.8x71mm;
Pentax HD DA 20-40mm 2.8-4.0 ED DC WR Limited;20-40mm;1:2.8-1:4.0;55mm;1:5.00;0.28m;Pentax K;APS-C;283g;71x68.5mm;
Samyang 7.5mm 3.5 Fisheye;7.5mm;1:3.5;;;0.09m;Micro-Four-Thirds;Four-Thirds;197g;60x48.3mm;
Zeiss ZF.2 Milvus 18mm 2.8;18mm;1:2.8;77mm;1:7.40;0.25m;Nikon F;APS-C/ Kleinbild;675g;90x92mm;
Canon EF 8-15mm 4.0 L Fisheye;8-15mm;1:4.0;;1:2.94;0.15m;Canon EF;APS-C/ Kleinbild;540g;78.5x83mm;
Walimex Pro 100mm 2.8 Makro CSC;100mm;1:2.8;67mm;1:1.00;0.30m;Micro-Four-Thirds, Fujifilm X, Sony E, Samsung NX, Canon EF-M;Four-Thirds;770g;72.5x149mm;
Nikon AF-S 24-70mm 2.8G ED;24-70mm;1:2.8;77mm;1:3.70;0.38m;Nikon F;APS-C/ Kleinbild;900g;83x133mm;
Walimex Pro 8mm 2.8 Fisheye I CSC;8mm;1:2.8;;;0.30m;Samsung NX;APS-C;210g;60x48.3mm;
Walimex Pro 14mm 3.1 VCSC;14mm;1:3.1;;;0.28m;Canon EF-M;APS-C;690g;87x122mm;
Walimex Pro 650-1300mm 8.0-16.0;650-1300mm;1:8.0-1:16.0;95mm;;5.00m;Sony E, Canon EF-M, Nikon F;APS-C;2000g;105x463mm;
Sony E 16-70mm 4.0 ZA OSS;16-70mm;1:4.0;55mm;1:4.35;0.35m;Sony E;APS-C;308g;66.6x75mm;
Zeiss ZM Tele-Tessar T* 85mm 4.0;85mm;1:4.0;43mm;;0.90m;Leica M;APS-C/ Kleinbild;310g;;
Olympus M.Zuiko digital ED 300mm 4.0 IS PRO;300mm;1:4.0;77mm;1:2.08;1.40m;Micro-Four-Thirds;Four-Thirds;1270g;92.5x227mm;
Canon EF 24mm 2.8 IS USM;24mm;1:2.8;58mm;1:4.35;0.20m;Canon EF;APS-C/ Kleinbild;280g;68.4x55.7mm;
Nikon AF-S 28mm 1.8G;28mm;1:1.8;67mm;1:4.55;0.25m;Nikon F;APS-C/ Kleinbild;330g;73x80.5mm;
Sony FE 55mm 1.8 ZA;55mm;1:1.8;49mm;1:7.14;0.50m;Sony E;APS-C/ Kleinbild;281g;64.4x70.5mm;
Samyang 14mm T3.1 AS IF UMC II VDSLR;14mm;1:3.1;;;0.28m;Fujifilm X, Canon EF;APS-C;695g;87x122.2mm;
Sigma AF 10-20mm 4.0-5.6 EX DC HSM;10-20mm;1:4.0-1:5.6;77mm;1:6.70;0.24m;Nikon F;APS-C;470g;83.5x81mm;
Olympus M.Zuiko digital 25mm 1.8;25mm;1:1.8;46mm;1:4.17;0.25m;Micro-Four-Thirds;Four-Thirds;137g;58x42mm;
Leica Summicron-M 35mm 2.0 ASPH;35mm;1:2.0;39mm;1:17.40;0.70m;Leica M;APS-C/ Kleinbild;252g;53x35.7mm;
Fujifilm XF 50mm 2.0 R WR;50mm;;46mm;1:6.67;0.39m;Fujifilm X;APS-C;200g;60x59.4mm;
Canon MP-E 65mm 2.8 1-5x Makro;65mm;1:2.8;58mm;1:0.20;0.24m;Canon EF;APS-C/ Kleinbild;730g;81x98mm;
Pentax smc FA 31mm 1.8 AL Limited;31mm;1:1.8;58mm;1:6.25;0.30m;Pentax K;APS-C/ Kleinbild;345g;65x68.5mm;
Tamron 14-150mm 3.5-5.8 Di III;14-150mm;1:3.5-1:5.8;52mm;1:3.80;0.5m;Micro-Four-Thirds;Four-Thirds;280g;63x85.2mm;
Dörr 7.5mm 8.0 Fisheye;7.5mm;1:8.0;;;0.30m;Nikon 1;APS-C;220g;65x57mm;
Zeiss ZM Biogon T* 21mm 4.5;21mm;1:4.5;46mm;1:20.00;0.50m;Leica M;APS-C/ Kleinbild;190g;;
Canon EF 70-200mm 4.0 L USM;70-200mm;1:4.0;67mm;1:4.76;1.20m;Canon EF;APS-C/ Kleinbild;705g;76x172mm;
Voigtländer SL II Nokton N 58mm 1.4;58mm;1:1.4;58mm;;0.45m;Nikon F;APS-C/ Kleinbild;320g;64.4x47.5mm;
SainSonic Kamlan 50mm 1.1;50mm;1:1.1;52mm;;0.50m;Sony E;APS-C;248g;60x60mm;
Walimex Pro 35mm 1.5 VDSLR;35mm;1:1.5;77mm;;0.30m;Micro-Four-Thirds, Sony E, Sony A, Pentax K, Nikon F, Fujifilm X, Canon EF;Four-Thirds;718g;83x116.8mm;
Samyang 24mm 1.4 ED AS UMC;24mm;1:1.4;77mm;;0.25m;Sony E, Nikon F, Canon EF, Sony A, Samsung NX, Pentax K, Micro-Four-Thirds, Fujifilm X, Canon EF-M;APS-C;580g;83x95mm;
Walimex Pro 85mm 1.4 IF;85mm;1:1.4;72mm;;1.00m;Sony A, Four-Thirds, Pentax K, Nikon F, Micro-Four-Thirds, Canon EF;APS-C;530g;78x74.2mm;
Sigma Art AF 24-105mm 4.0 DG HSM;24-105mm;1:4.0;82mm;1:4.60;0.45m;Sony A;APS-C/ Kleinbild;885g;88.6x109.4mm;
Zeiss ZF.2 Planar T* 50mm 1.4;50mm;1:1.4;58mm;;0.45m;Nikon F;APS-C/ Kleinbild;350g;66x69mm;
Samyang 14mm 2.8 Asph IF ED MC;14mm;1:2.8;;;0.28m;Nikon F;APS-C/ Kleinbild ;;;
Voigtländer SL II Nokton S 58mm 1.4;58mm;1:1.4;52mm;;0.45m;Nikon F;APS-C/ Kleinbild;320g;67.6x45.5mm;
Nikon AF-S VR 70-200mm 2.8G ED II;70-200mm;1:2.8;77mm;;1.40m;Nikon F;APS-C/ Kleinbild;1540g;87x209mm;
Zeiss ZF.2 Distagon T* 35mm 1.4;35mm;1:1.4;72mm;1:5.00;0.30m;Nikon F;APS-C/ Kleinbild;830g;72.7x120mm;
Meike 6.5mm 2.0 Fisheye;6.5mm;1:2.0;;;;Micro-Four-Thirds, Sony E;APS-C;300g;61x51.5mm;
Zeiss ZE Makro-Planar T* 100mm 2.0;100mm;1:2.0;67mm;1:2.00;0.44m;Canon EF;APS-C/ Kleinbild;680g;76x89mm;
Nikon PC-E 85mm 2.8D ED Tilt/Shift;85mm;1:2.8;77mm;1:2.00;0.39m;Nikon F;APS-C/ Kleinbild;650g;82.7x107mm;
Meyer Optik Görlitz Nocturnus 35mm 0.95;35mm;1:0.95;;;0.30m;Fujifilm X;APS-C;680g;;
Sigma Art AF 85mm 1.4 DG HSM;85mm;1:1.4;86mm;1:8.50;0.85m;Nikon F;APS-C/ Kleinbild;1130g;94.7x126.2mm;
Canon EF-M 55-200mm 4.5-6.3 IS STM;55-200mm;1:4.5-1:6.3;52mm;1:4.76;1.00m;Canon EF-M;APS-C;260g;60.9x86.5mm;
Nikon 1 NIKKOR VR 10-100mm 4.5-5.6 PD-Zoom;10-100mm;1:4.5-1:5.6;72mm;1:4.80;0.30m;Nikon 1;Nikon CX;530g;77x95mm;
Meike 12mm 2.8;12mm;1:2.8;72mm;1:8.13;0.10m;Sony A, Fujifilm X;APS-C;360g;78x65.8mm;
Voking 25mm 0.95;25mm;1:0.95;55mm;;0.17m;Sony E, Nikon 1, Micro-Four-Thirds, Fujifilm X, Canon EF-M;APS-C;540g;64x101mm;
Olympus Zuiko digital ED 7-14mm 4.0;7-14mm;1:4.0;;1:9.09;0.25m;Four-Thirds;Four-Thirds;780g;86.5x119.5mm;
Sony E 28-135mm 4.0 G PZ OSS;28-135mm;1:4.0;95mm;1:6.67;0.40m;Sony E;APS-C/ Kleinbild;1120g;105x162.5mm;
Tokina AT-X 10-17mm 3.5-4.5 AF DX NH Fisheye;10-17mm;1:3.5-1:4.5;;1:2.56;0.14m;Canon EF-S;APS-C/ Kleinbild;350g;69.9x70.9mm;
Canon EF 400mm 5.6 L USM;400mm;1:5.6;77mm;1:8.33;3.50m;Canon EF;APS-C/ Kleinbild;1250g;90x256.5mm;
Samyang 85mm T1.5 AS IF UMC VDSLR;85mm;1:1.5;;;1.00m;Nikon F, Sony E, Canon EF;APS-C/ Kleinbild;577g;78x75mm;
Samyang XEEN 24mm T1.5;24mm;1:1.5;;;0.25m;Sony E, PL, Nikon F, Micro-Four-Thirds, Canon EF;APS-C/ Kleinbild;1190g;117.6x147.7mm;
Tokina AT-X 16.5-135mm 3.5-5.6 DX;16.5-135mm;1:3.5-1:5.6;77mm;1:5.43;0.50m;Nikon F, Canon EF-S;APS-C;610g;84x78mm;
Canon EF-S 18-135mm 3.5-5.6 IS USM;18-135mm;1:3.5-1:5.6;67mm;1:3.57;0.39m;Canon EF-S;APS-C;515g;77.4x96mm;
Walimex Pro 12mm 2.8 Fisheye CSC;12mm;1:2.8;;;0.20m;Sony E, Fujifilm X;APS-C/ Kleinbild;528g;77.3x98mm;
Pentax smc FA 645 150mm 2.8;150mm;1:2.8;67mm;;1.20m;Pentax 645;APS-C/ Kleinbild;500g;74.5x96mm;
Nikon AF-S DX 18-55mm 3.5-5.6G ED II;18-55mm;1:3.5-1:5.6;52mm;1:3.23;0.28m;Nikon F;APS-C;205g;70.5x74mm;
Tamron AF 18-200mm 3.5-6.3 XR Di II LD Asp IF Makro mit AF-Motor;18-200mm;1:3.5-1:6.3;62mm;1:3.70;0.45m;Nikon F;APS-C;398g;73.8x83.7mm;
Zeiss ZF.2 Milvus 21mm 2.8;21mm;1:2.8;82mm;1:5.00;0.22m;Nikon F;APS-C/ Kleinbild;735g;95.3x92.5mm;
Panasonic Lumix G X Vario 35-100mm 2.8 II OIS;35-100mm;1:2.8;58mm;1:10.00;0.85m;Micro-Four-Thirds;Four-Thirds;357g;67.4x99.9mm;
Canon EF 24-105mm 4.0 L IS II USM;24-105mm;1:4.0;77mm;1:4.17;0.45m;Canon EF;APS-C/ Kleinbild;795g;83.5x118mm;
Voking 35mm 1.7;35mm;1:1.7;49mm;;0.30m;Sony E, Micro-Four-Thirds, Fujifilm X, Nikon 1, Canon EF-M;APS-C;176g;60.5x41mm;
Fujifilm XF 18-55mm 2.8-4.0 R LM OIS;18-55mm;1:2.8-1:4.0;58mm;1:6.67;0.30m;Fujifilm X;APS-C;310g;65x70.4mm;
Sigma AF 4.5mm 2.8 EX DC Zirkular Fisheye;4.5mm;1:2.8;;1:6.00;0.14m;Sony A;APS-C;470g;76.2x77.8mm;
Voigtländer Classic Collection Ultron 28mm 2.0;28mm;1:2.0;46mm;;0.70m;Leica M;Mittelformat;244g;55x51.2mm;
Walimex Pro 10mm 2.8;10mm;1:2.8;;;0.24m;Samsung NX, Fujifilm X, Four-Thirds, Canon EF, Sony A;APS-C;625g;87x132mm;
Nikon AF-S VR DX 16-80mm 2.8-4.0E ED;16-80mm;1:2.8-1:4.0;72mm;1:4.50;0.35m;Nikon F;APS-C;480g;80x85.5mm;
Tamron SP AF 70-200mm 2.8 Di VC USD;70-200mm;1:2.8;77mm;1:8.00;1.30m;Nikon F;APS-C/ Kleinbild;1470g;85.8x188.3mm;
Walimex Pro 85mm 1.4 CSC;85mm;1:1.4;72mm;;1.00m;Sony E;APS-C/ Kleinbild;570g;78x100.7mm;
Sigma AF 8-16mm 4.5-5.6 DC HSM;8-16mm;1:4.5-1:5.6;;1:7.80;0.24m;Nikon F, Canon EF-S, Sony A, Sigma SA, Pentax K;APS-C;545g;75x105.7mm;
Sigma Sports AF 150-600mm 5.0-6.3 DG OS HSM inkl. 1.4x Telekonverter;150-600mm;1:5.0-1:6.3;105mm;1:5.00;2.60m;Nikon F, Canon EF, Sigma SA;APS-C/ Kleinbild;2860g;121x290.2mm;
Walimex Pro 135mm T2.2 VDSLR;135mm;1:2.2;77mm;;0.80m;Sony A, Samsung NX, Nikon F, Micro-Four-Thirds, Canon EF;APS-C/ Kleinbild;886g;82x120mm;
Nikon AF-S 50mm 1.4G;50mm;1:1.4;58mm;1:6.7;0.45m;Nikon F;APS-C/ Kleinbild;280g;73.5x54mm;
Zeiss Batis 85mm 1.8;85mm;1:1.8;67mm;1:7.90;0.80m;Sony E;APS-C/ Kleinbild;475g;78x92mm;
Tamron SP AF 150-600mm 5.0-6.3 Di VC USD G2;150-600mm;1:5.0-1:6.3;95mm;1:3.90;2.20m;Canon EF, Nikon F;APS-C/ Kleinbild;2009g;108.4x260.2mm;
Zeiss ZM Biogon T* 35mm 2.0;35mm;1:2.0;43mm;1:18.02;0.70m;Leica M;APS-C/ Kleinbild;240g;;
Zeiss ZE Milvus 50mm 1.4;50mm;1:1.4;67mm;1:6.70;0.45m;Canon EF;APS-C/ Kleinbild;922g;82.5x97.5mm;
Walimex Pro 50mm 1.5 VCSC;50mm;1:1.5;77mm;;0.45m;Micro-Four-Thirds, Samsung NX, Fujifilm X;Four-Thirds;590g;82x99.5mm;
Nikon 1 NIKKOR 10mm 2.8;10mm;1:2.8;40.5mm;1:16.67;0.20m;Nikon 1;Nikon CX;77g;55.5x22mm;
Sigma Contemporary AF 16mm 1.4 DC DN;16mm;1:1.4;67mm;1:9.90;0.25m;Sony E;APS-C;405g;72.2x92.3mm;
Sigma Sports AF 150-600mm 5.0-6.3 DG OS HSM;150-600mm;1:5.0-1:6.3;105mm;1:5.00;2.60m;Nikon F, Sigma SA;APS-C/ Kleinbild;2860g;121x290.2mm;
Leica APO-Elmarit-SL 90-280mm 2.8-4.0 ASPH;90-280mm;1:2.8-1:4.0;82mm;1:4.80;0.60m;Leica L;APS-C/ Kleinbild;1710g;88x238mm;
Panasonic/Leica DG Vario Elmarit 12-60mm 2.8-4.0 ASPH;12-60mm;1:2.8-1:4.0;62mm;1:2.00;0.20m;Micro-Four-Thirds;Four-Thirds;320g;68.4x86mm;
Tokina AT-X Pro 14-20mm 2.0 DX;14-20mm;1:2.0;82mm;1:8.36;0.28m;Nikon F;APS-C;725g;89x106mm;
Sigma Art AF 24mm 1.4 DG HSM;24mm;1:1.4;77mm;1:5.30;0.25m;Canon EF;APS-C/ Kleinbild;665g;85x90.2mm;
Samyang 8mm 3.5 UMC Fisheye CS II;8mm;1:3.5;;;0.30m;Sony E, Canon EF, Fujifilm X;APS-C;450g;77.8x101.1mm;
Walimex Pro 10mm 3.1 VCSC;10mm;1:3.1;;;0.24m;Sony E, Samsung NX, Pentax K, Micro-Four-Thirds, Fujifilm X, Canon EF-M;APS-C;630g;87x130.9mm;
Canon EF 300mm 2.8 L IS II USM;300mm;1:2.8;52mm;1:5.56;2.00m;Canon EF;APS-C/ Kleinbild;2400g;128x248mm;
Sigma AF 50-500mm 4.5-6.3 DG APO OS HSM;50-500mm;1:4.5-1:6.3;95mm;1:3.10;0.50m;Nikon F, Sony A, Canon EF, Sigma SA;APS-C/ Kleinbild;1970g;104.4x219mm;
Kowa Prominar 25mm 1.8;25mm;1:1.8;55mm;1:6.50;0.25m;Micro-Four-Thirds;Four-Thirds;400g;60x94mm;
Leica Vario-Elmar-S 30-90mm 3.5-5.6;30-90mm;1:3.5-1:5.6;95mm;1:6.50;0.65m;Leica S;APS-C/ Kleinbild;1270g;101x114mm;
Walimex Pro 300mm 6.3 DSLR Reflex;300mm;1:6.3;;;0.90m;Sony A, Nikon F, Canon EF;APS-C;270g;64.5x76.1mm;
Zeiss Touit 12mm 2.8;12mm;1:2.8;67mm;1:9.00;0.18m;Fujifilm X, Sony E;APS-C;270g;88x68mm;
Nikon MF 28mm 2.8;28mm;1:2.8;52mm;;0.20m;Nikon F;APS-C/ Kleinbild;250g;63x44.5mm;
Voigtländer Classic Collection Color Skopar Pancake II 21mm 4.0;21mm;1:4.0;;;0.50m;Leica M;Mittelformat;136g;55x25.4mm;
Nikon AF-S 105mm 1.4E ED;105mm;1:1.4;82mm;1:7.70;1.00m;Nikon F;APS-C/ Kleinbild;985g;94.5x106mm;
Samyang 16mm 2.0 ED AS UMC CS;16mm;1:2.0;77mm;;0.20m;Canon EF, Sony E, Micro-Four-Thirds, Fujifilm X, Canon EF-M;APS-C;583g;83x89.4mm;
Zeiss ZE Milvus 85mm 1.4;85mm;1:1.4;77mm;1:8.30;0.80m;Canon EF;APS-C/ Kleinbild;1280g;90x113mm;
Sigma Art AF 18-35mm 1.8 DC HSM IF;18-35mm;1:1.8;72mm;1:4.30;0.28m;Sony A, Pentax K, Sigma SA;APS-C;810g;78x121mm;
Sony FE 28mm 2.0;28mm;1:2.0;49mm;1:7.69;0.29m;Sony E;APS-C/ Kleinbild;200g;64x60mm;
Sigma AF 300mm 2.8 EX DG APO IF;300mm;1:2.8;46mm;1:7.50;2.50m;Pentax K;APS-C/ Kleinbild;2400g;119x214.5mm;
Samyang 35mm 1.2 ED AS UMC CS;35mm;1:1.2;62mm;;0.38m;Sony E, Micro-Four-Thirds, Fujifilm X;APS-C;420g;67.5x74.2mm;
Olympus M.Zuiko digital ED 30mm 3.5 Macro;30mm;1:3.5;46mm;1:0.80;0.10m;Micro-Four-Thirds;Four-Thirds;128g;57x60mm;
Canon Objektiv CN-E 35mm T1.5 L F;35mm;1:1.5;;;;Canon EF;APS-C/ Kleinbild;;;
Panasonic/Leica DG Vario Elmarit 8-18mm 2.8-4.0 ASPH;8-18mm;1:2.8-1:4.0;67mm;1:8.30;0.23m;Micro-Four-Thirds;Four-Thirds;315g;73.4x88mm;
Tamron SP AF 15-30mm 2.8 Di USD;15-30mm;1:2.8;;1:5.00;0.28m;Sony A;APS-C/ Kleinbild;1100g;98.4x145mm;
Leica Summicron-T 23mm 2.0 ASPH;23mm;1:2.0;52mm;1:12.60;0.30m;Leica T;APS-C;154g;63x37mm;
Nikon AF-S VR 600mm 4.0E FL ED;600mm;1:4.0;40.5mm;1:7.10;4.40m;Nikon F;APS-C/ Kleinbild;3810g;166x432mm;
Canon EF 500mm 4.0 L IS II USM;500mm;1:4.0;52mm;1:6.67;3.70m;Canon EF;APS-C/ Kleinbild;3190g;146x383mm;
Sony 18-55mm 3.5-5.6 DT SAM;18-55mm;1:3.5-1:5.6;55mm;1:2.94;0.25m;Sony A;APS-C;210g;69.5x69mm;
Walimex Pro 16mm 2.0;16mm;1:2.0;77mm;;0.20m;Canon EF, Nikon F, Sony E, Pentax K, Micro-Four-Thirds, Fujifilm X;APS-C;583g;83x89mm;
Olympus M.Zuiko digital 14-42mm 3.5-5.6 II;14-42mm;1:3.5-1:5.6;37mm;1:5.26;0.25m;Micro-Four-Thirds;Four-Thirds;112g;56.5x50mm;
Pentax HD DFA* 70-200mm 2.8 ED DC AW;70-200mm;1:2.8;77mm;1:7.69;2.00m;Pentax K;APS-C/ Kleinbild;1760g;91.5x203mm;
Tamron SP AF 24-70mm 2.8 Di VC USD G2;24-70mm;1:2.8;82mm;1:5.00;0.38m;Nikon F, Canon EF;APS-C/ Kleinbild;900g;88.4x108.5mm;
Zeiss ZE Makro-Planar T* 50mm 2.0;50mm;1:2.0;67mm;;0.24m;Canon EF;APS-C/ Kleinbild;530g;72x65mm;
Nikon AF-S VR DX 18-55mm 3.5-5.6G;18-55mm;1:3.5-1:5.6;52mm;;0.28m;Nikon F;APS-C;265g;73x79.5mm;
Tokina FiRIN 20mm 2.0 FE MF;20mm;1:2.0;62mm;1:10.29;0.28m;Sony E;APS-C/ Kleinbild;490g;69x81.5mm;
Nikon AF-S VR 300mm 4.0E PF ED;300mm;1:4.0;77mm;1:4.20;1.40m;Nikon F;APS-C/ Kleinbild;755g;89x147.5mm;
Canon EF-S 10-18mm 4.5-5.6 IS STM mit EW-73C und LC-Kit;10-18mm;1:4.5-1:5.6;67mm;1:6.67;0.22m;Canon EF-S;APS-C;240g;74.6x72mm;
Nikon AF-S VR 200mm 2.0G ED II;200mm;1:2.0;52mm;1:8.33;1.90m;Nikon F;APS-C/ Kleinbild;2930g;124x203.5mm;
Walimex Pro 8mm 3.5 Fisheye II;8mm;1:3.5;;;0.30m;Sony E, Sony A, Samsung NX, Pentax K, Nikon F, Nikon 1, Fujifilm X, Four-Thirds, Canon EF-M;APS-C;420g;75x76.8mm;
Nikon AF-S VR 24-120mm 4.0G ED;24-120mm;1:4.0;77mm;1:4.17;0.45m;Nikon F;APS-C/ Kleinbild;710g;84x103.5mm;
Pentax smc DA 18-270mm 3.5-6.3 SDM;18-270mm;1:3.5-1:6.3;62mm;1:3.85;0.49m;Pentax K;APS-C;453g;76x89mm;
Leica Super-Elmar-M 18mm 3.8 ASPH;18mm;1:3.8;77mm;1:34.60;0.70m;Leica M;APS-C/ Kleinbild;310g;61x58mm;
Voigtländer Classic Collection Ultra Wide Heliar 12mm 5.6;12mm;1:5.6;67mm;;0.30m;Leica M;Mittelformat;162g;74.6x42.5mm;
Canon Objektiv CN-E 24mm T1.5 L F;24mm;1:1.5;;;;Canon EF;APS-C/ Kleinbild;1200g;118x102mm;
Sigma AF 70-300mm 4.0-5.6 DG Makro mit AF-Motor;70-300mm;1:4.0-1:5.6;58mm;1:4.10;1.20m;Nikon F;APS-C/ Kleinbild;540g;76.6x119.5mm;
Tamron SP AF 17-50mm 2.8 XR Di II LD Asp IF;17-50mm;1:2.8;67mm;1:4.50;0.27m;Canon EF-S, Nikon F;APS-C;430g;73.8x83.2mm;
Zeiss Batis 25mm 2.0;25mm;1:2.0;67mm;1:5.20;0.20m;Sony E;APS-C/ Kleinbild;335g;78x78mm;
Canon EF 100mm 2.8 L Makro IS USM;100mm;1:2.8;67mm;1:1.00;0.30m;Canon EF;APS-C/ Kleinbild;625g;77.7x123mm;
Tamron 18-200mm 3.5-6.3 Di II VC;18-200mm;1:3.5-1:6.3;62mm;1:4.00;0.49m;Canon EF-S;APS-C;400g;75x96.6mm;
Canon Objektiv CN-E 14mm T3.1 L F;14mm;1:3.1;;;;Canon EF;APS-C/ Kleinbild;;;
Pentax smc FA 645 120mm 4.0 Makro;120mm;1:4.0;67mm;1:1.00;0.39m;Pentax 645;APS-C/ Kleinbild;735g;82.5x110mm;
Samyang XEEN 35mm T1.5;35mm;1:1.5;;;0.33m;Sony E, PL, Micro-Four-Thirds, Canon EF;APS-C/ Kleinbild;1380g;117.6x147.7mm;
Sigma AF 17-70mm 2.8-4.0 DC Asp IF Makro OS HSM;17-70mm;1:2.8-1:4.0;72mm;1:2.70;0.22m;Canon EF-S;APS-C;535g;79x88.9mm;
Samsung NX 60mm 2.8 Makro ED OIS SSA i-Function;60mm;1:2.8;;1:1.00;0.18m;Samsung NX;APS-C;450g;73x84mm;
Panasonic Lumix G Vario 100-300mm 4.0-5.6 OIS;100-300mm;1:4.0-1:5.6;67mm;1:4.76;1.50m;Micro-Four-Thirds;Four-Thirds;520g;73x126mm;
Samyang 50mm T1.5 AS UMC VDSLR;50mm;1:1.5;77mm;;0.45m;Canon EF;APS-C/ Kleinbild;575g;81.6x74.7mm;
Tamron SP AF 45mm 1.8 Di VC USD;45mm;1:1.8;67mm;1:3.40;0.29m;Canon EF;APS-C/ Kleinbild;540g;80.4x91.7mm;
Pentax smc DA 18-135mm 3.5-5.6 ED AL IF DC WR;18-135mm;1:3.5-1:5.6;62mm;1:4.17;0.40m;Pentax K;APS-C;405g;76x73mm;
Pentax HD DA 18-50mm 4.0-5.6 DC WR RE;18-50mm;1:4.0-1:5.6;58mm;1:4.35;0.30m;Pentax K;APS-C;158g;71x41mm;
Leica Makro-Elmar-M 90mm 4.0 Set;90mm;1:4.0;39mm;1:6.70;0.77m;Leica M;APS-C/ Kleinbild;240g;52x59mm;
Irix 11mm 4.0 Firefly;11mm;1:4.0;30x30mm;;0.28m;Nikon F, Pentax K, Canon EF;APS-C/ Kleinbild;790g;118x103mm;
Tamron SP AF 24-70mm 2.8 Di USD;24-70mm;1:2.8;82mm;1:5.00;0.38m;Sony A;APS-C/ Kleinbild;825g;88.2x116.9mm;
Canon EF-S 18-55mm 3.5-5.6 IS STM;18-55mm;1:3.5-1:5.6;58mm;1:2.78;0.25m;Canon EF-S;APS-C;205g;69x75.2mm;
Walimex Pro T-S 24mm 3.5 CSC;24mm;1:3.5;82mm;;0.20m;Micro-Four-Thirds, Fujifilm X, Canon EF-M;APS-C;730g;86x134mm;
Sony E 35mm 1.8 OSS;35mm;1:1.8;49mm;1:6.67;0.30m;Sony E;APS-C;155g;62x55.5mm;
Tamron SP AF 60mm 2.0 Di II LD IF Makro 1:1;60mm;1:2.0;55mm;1:1.00;0.23m;Nikon F, Sony A;APS-C;400g;73x80mm;
Sigma AF 70-300mm 4.0-5.6 DG Makro;70-300mm;1:4.0-1:5.6;58mm;1:4.10;1.50m;Canon EF, Pentax K, Nikon F;APS-C/ Kleinbild;530g;76.6x119.5mm;
Sigma AF 17-70mm 2.8-4.0 DC Asp IF Makro HSM;17-70mm;1:2.8-1:4.0;72mm;1:2.70;0.22m;Sony A;APS-C;535g;79x88.9mm;
Pentax Q 06 Telephoto Zoom 15-45mm 2.8 AL;15-45mm;1:2.8;40.5mm;1:20.00;1.00m;Pentax Q;Pentax Q;90g;50x56mm;
Samyang 50mm 1.4 AS UMC;50mm;1:1.4;77mm;;0.45m;Sony E, Canon EF, Pentax K, Four-Thirds, Canon EF-M, Sony A, Samsung NX, Micro-Four-Thirds;APS-C/ Kleinbild;565g;81.6x100.7mm;
Nikon AF-S VR DX 18-55mm 3.5-5.6G II;18-55mm;1:3.5-1:5.6;52mm;1:3.20;0.28m;Nikon F;APS-C;195g;66x59.5mm;
Samyang XP 14mm 2.4 UMC;14mm;1:2.4;;1:12.50;0.28m;Canon EF, Nikon F;APS-C/ Kleinbild;791g;95x109.4mm;
Nikon AF-S VR DX 18-140mm 3.5-5.6G ED;18-140mm;1:3.5-1:5.6;67mm;1:4.30;0.45m;Nikon F;APS-C;490g;78x97mm;
Zeiss ZF Distagon T* 15mm 2.8;15mm;1:2.8;95mm;1:18.18;0.25m;Nikon F;APS-C/ Kleinbild;730g;103x132mm;
Samyang 135mm T2.2 VDSLR ED UMC;135mm;1:2.2;77mm;;0.80m;Sony A;APS-C/ Kleinbild;830g;82x122mm;
Voigtländer VM Heliar 50mm 3.5;50mm;1:3.5;27mm;;0.70m;Leica M;Mittelformat;209g;52x43.2mm;
Samyang 10mm 2.8 ED AS NCS CS;10mm;1:2.8;;;0.25m;Micro-Four-Thirds, Sony E, Samsung NX;Four-Thirds;620g;86x104mm;
Pentax smc FA 645 300mm 4.0 ED IF;300mm;1:4.0;77mm;1:9.09;3.00m;Pentax 645;APS-C/ Kleinbild;1490g;83x207.5mm;
Samyang 20mm 1.8 ED AS UMC;20mm;1:1.8;77mm;;0.20m;Nikon F, Sony E, Micro-Four-Thirds, Fujifilm X, Canon EF-M;APS-C/ Kleinbild;488g;83x85.9mm;
Canon EF 85mm 1.8 USM;85mm;1:1.8;58mm;1:7.69;0.85m;Canon EF;APS-C/ Kleinbild;425g;75x71.5mm;
Tamron SP AF 150-600mm 5.0-6.3 Di USD G2;150-600mm;1:5.0-1:6.3;95mm;1:3.90;2.20m;Sony A;APS-C/ Kleinbild;2009g;108.4x260.2mm;
Canon EF 75-300mm 4.0-5.6 III;75-300mm;1:4.0-1:5.6;58mm;1:4.00;1.50m;Canon EF;APS-C/ Kleinbild;480g;71x122mm;
Samsung NX 50-200mm 4.0-5.6 ED OIS III i-Function;50-200mm;1:4.0-1:5.6;;1:2.0;0.98m;Samsung NX;APS-C;406g;70x100.5mm;
Voigtländer VM Heliar 15mm 4.5;15mm;1:4.5;58mm;;0.50m;Leica M;Mittelformat;;64.8x55.2mm;
Nikon AF-S VR 28-300mm 3.5-5.6G ED;28-300mm;1:3.5-1:5.6;77mm;1:3.13;0.50m;Nikon F;APS-C/ Kleinbild;800g;83x114.5mm;
Tamron AF 18-270mm 3.5-6.3 Di II PZD;18-270mm;1:3.5-1:6.3;62mm;1:3.80;0.49m;Sony A;APS-C;450g;74.4x96.4mm;
Sigma Art AF 35mm 1.4 DG HSM;35mm;1:1.4;67mm;1:5.20;0.30m;Nikon F, Canon EF, Sony A, Sigma SA;APS-C/ Kleinbild;665g;77x94mm;
Laowa 7.5mm 2.0;7.5mm;1:2.0;46mm;1:9.09;0.12m;Micro-Four-Thirds;Micro-Four-Thirds;170g;55x50mm;
Fujifilm XF 16mm 1.4 R WR;16mm;1:1.4;67mm;1:4.76;0.15m;Fujifilm X;APS-C;375g;73.4x73mm;
Pentax HD DA 40mm 2.8 Limited;40mm;1:2.8;49mm;1:7.69;0.40m;Pentax K;APS-C;89g;63x15mm;
Zeiss ZE Apo Sonnar T* 135mm 2.0;135mm;1:2.0;77mm;1:4.00;0.80m;Canon EF;APS-C/ Kleinbild;930g;84x108mm;
Sigma AF 15mm 2.8 EX DG Diagonal Fisheye;15mm;1:2.8;;1:3.80;0.15m;Pentax K, Sony A, Sigma SA, Nikon F;APS-C/ Kleinbild;370g;73.5x65mm;
Zeiss ZE Milvus 15mm 2.8;15mm;1:2.8;95mm;1:9.00;0.25m;Canon EF;APS-C/ Kleinbild;947g;102.3x100.2mm;
Fujifilm XF 60mm 2.4 R Makro;60mm;1:2.4;39mm;1:2.00;0.27m;Fujifilm X;APS-C;215g;64.1x70.9mm;
Zeiss ZF.2 Distagon T* 25mm 2.0;25mm;1:2.0;67mm;1:5.88;0.25m;Nikon F;APS-C/ Kleinbild;570g;71x95mm;
Leica Summarit-M 75mm 2.4;75mm;1:2.4;;;0.70m;Leica M;APS-C/ Kleinbild;325g;55x60.5mm;
Zeiss ZM Planar T* 50mm 2.0;50mm;1:2.0;43mm;1:12.05;0.70m;Leica M;APS-C/ Kleinbild;210g;;
Sigma Contemporary AF 18-300mm 3.5-6.3 DC Makro OS HSM;18-300mm;1:3.5-1:6.3;72mm;1:3.00;0.39m;Pentax K, Sigma SA;APS-C;585g;79x101.5mm;
SainSonic Kamlan 8mm 3.0;8mm;1:3.0;;;0.10m;Sony E;APS-C;245g;64x62mm;
Voigtländer Nokton 42.5mm 0.95;42.5mm;1:0.95;58mm;;0.23m;Micro-Four-Thirds;Four-Thirds;;64.3x74.6mm;
Nikon AF-S VR DX Micro 85mm 3.5G IF-ED;85mm;1:3.5;52mm;1:1.00;0.29m;Nikon F;APS-C;355g;73x98.5mm;
Panasonic Lumix G Vario 45-200mm 4.0-5.6 II OIS;45-200mm;1:4.0-1:5.6;52mm;1:5.26;1.00m;Micro-Four-Thirds;Four-Thirds;370g;70x100mm;
Samyang 14mm 2.8 Asph IF ED UMC;14mm;1:2.8;;;0.28m;Canon EF, Pentax K, Micro-Four-Thirds, Sony A, Samsung NX, Fujifilm X;APS-C/ Kleinbild;555g;92x86mm;
Sigma AF 70-300mm 4.0-5.6 DG APO Makro;70-300mm;1:4.0-1:5.6;58mm;1:4.10;0.95m;Canon EF, Sony A, Sigma SA, Pentax K;APS-C/ Kleinbild;550g;76.6x122mm;
Sony E PZ 18-105mm 4.0 G OSS;18-105mm;1:4.0;72mm;1:9.09;0.45m;Sony E;APS-C;427g;78x110mm;
Nikon AF-S VR 70-200mm 2.8E FL ED grau 100 Jahre;70-200mm;1:2.8;77mm;1:4.80;1.10m;Nikon F;APS-C/ Kleinbild;1430g;88.5x202.5mm;
Zeiss ZE Distagon T* 21mm 2.8;21mm;1:2.8;82mm;;0.17m;Canon EF;APS-C/ Kleinbild;600g;87x109mm;
Tokina AT-X 17-35mm 4.0 FX;17-35mm;1:4.0;;1:4.82;0.28m;Nikon F;APS-C/ Kleinbild;600g;89x94mm;
Laowa 60mm 2.8 2:1 Ultra-Macro;60mm;1:2.8;62mm;1:0.50;0.19m;Sony A, Pentax K, Nikon F, Canon EF;APS-C/ Kleinbild;503g;70x95mm;
Zeiss ZF.2 Milvus 135mm 2.0;135mm;1:2.0;77mm;1:4.00;0.80m;Nikon F;APS-C/ Kleinbild;1060g;89.7x114mm;
Walimex Pro 12mm 2.2 VCSC;12mm;1:2.2;67mm;;0.20m;Sony E, Samsung NX, Micro-Four-Thirds, Fujifilm X, Canon EF-M;APS-C;265g;73.6x59mm;
Panasonic Lumix G 30mm 2.8 Makro ASPH OIS;30mm;1:2.8;46mm;1:1.00;0.11m;Micro-Four-Thirds;Four-Thirds;180g;58.8x63.5mm;
Olympus M.Zuiko digital ED 17mm 1.2 PRO;17mm;1:1.2;62mm;1:6.67;0.20m;Micro-Four-Thirds;Four-Thirds;390g;68.2x87mm;
Voking 50mm 2.0;50mm;1:2.0;49mm;;0.65m;Fujifilm X, Sony E, Nikon 1, Canon EF-M;APS-C;188g;60.5x41mm;
Samsung NX 20-50mm 3.5-5.6 i-Function ED II;20-50mm;1:3.5-1:5.6;;1:4.54;0.28m;Samsung NX;APS-C;119g;64x39.8mm;
Walimex Pro 12mm 2.0 CSC;12mm;1:2.0;67mm;;0.20m;Sony E, Fujifilm X, Canon EF-M;APS-C;260g;72.5x59mm;
Dörr Danubia 650-1300mm 8.0 T2;650-1300mm;1:8.0;95mm;;5.00m;T2;;1850g;103x453mm;
Tokina AT-X Pro 100mm 2.8 Makro;100mm;1:2.8;55mm;1:1.00;0.30m;Nikon F;APS-C/ Kleinbild;540g;73x95.1mm;
Sigma Art AF 24-35mm 2.0 DG HSM;24-35mm;1:2.0;82mm;1:4.40;0.28m;Nikon F, Canon EF, Sigma SA;APS-C/ Kleinbild;940g;87.6x122.7mm;
Olympus M.Zuiko digital ED 12mm 2.0;12mm;1:2.0;46mm;1:12.50;0.20m;Micro-Four-Thirds;Four-Thirds;130g;56x43mm;
Leica Summarit-M 75mm 2.5;75mm;1:2.5;;1:9.90;0.90m;Leica M;APS-C/ Kleinbild;345g;55x60.5mm;
Pentax Q 02 Standard Zoom 5-15mm 2.8-4.5 AL;5-15mm;1:2.8-1:4.5;40.5mm;1:16.67;0.30m;Pentax Q;Pentax Q;96g;48.5x48mm;
Pentax HD DA 645 28-45mm 4.5 ED AW SR;28-45mm;1:4.5;82mm;1:4.76;0.40m;Pentax 645;APS-C;1470g;99x152mm;
Samyang T-S 24mm 3.5 ED AS UMC;24mm;1:3.5;82mm;;0.20m;Nikon F, Fujifilm X, Canon EF;APS-C/ Kleinbild;680g;86x112mm;
Samsung NX 18-55mm 3.5-5.6 OIS III i-Function;18-55mm;1:3.5-1:5.6;;1:4.54;0.28m;Samsung NX;APS-C;198g;63x65.1mm;
Sony E 18-55mm 3.5-5.6 OSS;18-55mm;1:3.5-1:5.6;49mm;1:3.33;0.25m;Sony E;APS-C;194g;62x60mm;
Canon EF 16-35mm 4.0 L IS USM;16-35mm;1:4.0;77mm;1:4.35;0.28m;Canon EF;APS-C/ Kleinbild;615g;82.6x112.8mm;
Nikon AF 35mm 2.0D;35mm;1:2.0;52mm;1:4.35;0.25m;Nikon F;APS-C/ Kleinbild;205g;64.5x43.5mm;
Samsung NX 16-50mm 3.5-5.6 ED PZ OIS i-Function;16-50mm;1:3.5-1:5.6;;1:4.17;0.28m;Samsung NX;APS-C;111g;65x31mm;
Tokina AT-X Pro 11-20mm 2.8 DX;11-20mm;1:2.8;82mm;1:8.62;0.28m;Nikon F;APS-C;560g;89x92mm;
Canon Objektiv CN-E 85mm T1.3 L F;85mm;1:1.3;;;;Canon EF;APS-C/ Kleinbild;1300g;118x102mm;
Sigma AF 500mm 4.5 EX DG APO HSM IF;500mm;1:4.5;46mm;1:7.70;4.00m;Nikon F, Sigma SA, Canon EF;APS-C/ Kleinbild;3150g;123x350mm;
Walimex Pro Set VDSLR All Star;;;;;;Sony E, Sony A, Nikon F, Canon EF;;;;
Sigma Art AF 30mm 2.8 DN;30mm;1:2.8;46mm;1:8.10;0.30m;Sony E, Micro-Four-Thirds;APS-C;;60.8x40.5mm;
Zeiss ZE Distagon T* 35mm 1.4;35mm;1:1.4;72mm;1:5.00;0.30m;Canon EF;APS-C/ Kleinbild;900g;78x120mm;
Pentax smc FA 645 80-160mm 4.5;80-160mm;1:4.5;77mm;1:5.88;1.00m;Pentax 645;APS-C/ Kleinbild;1010g;85x130.5mm;
Mitakon Creator 85mm 2.0;85mm;1:2.0;;;0.85m;Nikon F;APS-C/ Kleinbild;370g;;
Nikon 1 NIKKOR 11-27.5mm 3.5-5.6;11-27.5mm;1:3.5-1:5.6;40.5mm;1:10.00;0.30m;Nikon 1;Nikon CX;83g;57.5x31mm;
Samyang XEEN 50mm T1.5;50mm;1:1.5;;;0.45m;PL, Nikon F, Micro-Four-Thirds, Canon EF;APS-C/ Kleinbild;1160g;117.6x113.7mm;
Voigtländer VM Heliar 12mm 5.6;12mm;1:5.6;;;0.50m;Leica M;Mittelformat;;64.8x59.2mm;
Walimex Pro Set;;;;;;Nikon F, Canon EF;;;;
Sony FE 85mm 1.8;85mm;1:1.8;67mm;1:7.69;0.80m;Sony E;APS-C/ Kleinbild;371g;78x82mm;
Leica Summarit-S 35mm 2.5 ASPH;35mm;1:2.5;82mm;1:11.10;0.55m;Leica S;APS-C/ Kleinbild;930g;88x122mm;
Walimex Pro 8mm 3.8 Fisheye VDSLR;8mm;1:3.8;;;0.30m;Nikon F, Four-Thirds, Canon EF;APS-C;395g;75x74.8mm;
Nikon AF-S 24mm 1.8G ED;24mm;1:1.8;72mm;1:5.00;0.23m;Nikon F;APS-C/ Kleinbild;355g;77.5x83mm;
Pentax smc DFA 50mm 2.8 Makro;50mm;1:2.8;49mm;1:1.00;0.20m;Pentax K;APS-C/ Kleinbild;265g;67.5x60.5mm;
Tamron SP AF 35mm 1.8 Di VC USD;35mm;1:1.8;67mm;1:2.50;0.20m;Nikon F, Canon EF;APS-C/ Kleinbild;450g;80.4x78.3mm;
Walimex Pro 7.5mm 3.5 Fisheye;7.5mm;1:3.5;;;0.09m;Micro-Four-Thirds;Four-Thirds;170g;60x50mm;
Sigma AF 8mm 3.5 EX DG Zirkular Fisheye;8mm;1:3.5;;1:4.60;0.14m;Canon EF, Sigma SA;APS-C/ Kleinbild;400g;73.5x68.6mm;
SLR Magic Cine Mark 35mm 1.4;35mm;1:1.4;52mm;;0.30m;Micro-Four-Thirds, Fujifilm X;Four-Thirds;390g;55x70.3mm;
Irix 11mm 4.0 Blackstone;11mm;1:4.0;30x30mm;;0.28m;Pentax K;APS-C/ Kleinbild;790g;118x103mm;
Nikon 1 NIKKOR 32mm 1.2;32mm;1:1.2;52mm;1:13.00;0.45m;Nikon 1;Nikon CX;235g;65.5x47mm;
Nikon AF-S VR 500mm 4.0G ED;500mm;1:4.0;52mm;1:6.90;4.00m;Nikon F;APS-C/ Kleinbild;3880g;139.5x391mm;
Walimex Pro 100mm T3.1 Makro VCSC;100mm;1:3.1;67mm;1:1.00;0.30m;Micro-Four-Thirds, Fujifilm X;Four-Thirds;775g;82x149mm;
Tamron 28-300mm 3.5-6.3 XR Di VC LD PZD IF;28-300mm;1:3.5-1:6.3;67mm;1:2.80;0.49m;Nikon F, Canon EF;APS-C/ Kleinbild;540g;75x99.5mm;
Sigma Art AF 20mm 1.4 DG HSM;20mm;1:1.4;;1:7.10;0.28m;Sigma SA;APS-C/ Kleinbild;950g;90.7x129.8mm;
Canon EF-S 24mm 2.8 STM;24mm;1:2.8;52mm;;0.16m;Canon EF-S;APS-C;125g;68.2x22.8mm;
Nikon AF-S VR 24-70mm 2.8E ED;24-70mm;1:2.8;82mm;1:3.60;0.38m;Nikon F;APS-C/ Kleinbild;1070g;88x154.5mm;
Pentax smc DA 12-24mm 4.0 ED AL;12-24mm;1:4.0;77mm;1:8.33;0.30m;Pentax K;APS-C;430g;84x87.5mm;
Voigtländer Classic Collection Nokton 35mm 1.2;35mm;1:1.2;;;0.70m;Leica M;Mittelformat;490g;63x77.8mm;
Zeiss ZE Milvus 21mm 2.8;21mm;1:2.8;82mm;1:5.00;0.22m;Canon EF;APS-C/ Kleinbild;851g;95.5x95mm;
Sony FE 35mm 2.8 ZA;35mm;1:2.8;49mm;1:8.33;0.35m;Sony E;APS-C/ Kleinbild;120g;61.5x36.5mm;
Lensbaby Trio 28mm 3.5;28mm;1:3.5;46mm;;0.20m;Fujifilm X, Sony E, Micro-Four-Thirds;APS-C/ Kleinbild;139g;69.9x50.8mm;
Canon EF 14mm 2.8 L II USM;14mm;1:2.8;;1:6.67;0.20m;Canon EF;APS-C/ Kleinbild;645g;80x94mm;
Panasonic Lumix G Vario 12-32mm 3.5-5.6 ASPH OIS;12-32mm;1:3.5-1:5.6;37mm;1:7.69;0.20m;Micro-Four-Thirds;Four-Thirds;70g;55.5x24mm;
Tamron SP AF 10-24mm 3.5-4.5 Di II LD Asp IF;10-24mm;1:3.5-1:4.5;77mm;1:5.10;0.24m;Sony A, Nikon F;APS-C;370g;83.2x86.5mm;
Olympus M.Zuiko digital ED 45mm 1.2 PRO;45mm;1:1.2;62mm;1:10.00;0.50m;Micro-Four-Thirds;Four-Thirds;410g;70x84.9mm;
Canon EF-M 22mm 2.0 STM;22mm;1:2.0;43mm;1:4.76;0.15m;Canon EF-M;APS-C;105g;60.9x23.7mm;
Canon EF-S 10-22mm 3.5-4.5 USM;10-22mm;1:3.5-1:4.5;77mm;1:5.88;0.24m;Canon EF-S;APS-C;385g;83.5x89.8mm;
Sony FE 28-70mm 3.5-5.6 OSS;28-70mm;1:3.5-1:5.6;55mm;1:5.26;0.30m;Sony E;APS-C/ Kleinbild;295g;72.5x83mm;
Canon TS-E 45mm 2.8 Tilt/Shift;45mm;1:2.8;72mm;1:6.25;0.40m;Canon EF;APS-C/ Kleinbild;645g;81x90.1mm;
Voigtländer Classic Collection Color Skopar 21mm 4.0;21mm;1:4.0;;;0.50m;Leica M;Mittelformat;109g;49.6x29.1mm;
Nikon AF-S 85mm 1.4G;85mm;1:1.4;77mm;1:8.33;0.85m;Nikon F;APS-C/ Kleinbild;595g;86.5x84mm;
Meike 8mm 3.5 Fisheye;8mm;1:3.5;;;;Nikon F, Canon EF;APS-C/ Kleinbild;519g;77x84mm;
Nikon 50mm 1.4;50mm;1:1.4;52mm;;0.45m;Nikon F;APS-C/ Kleinbild;250g;63x40mm;
Tamron SP AF 45mm 1.8 Di USD;45mm;1:1.8;67mm;1:3.40;0.29m;Sony A;APS-C/ Kleinbild;540g;80.4x91.7mm;
Sony E 18-200mm 3.5-6.3 OSS LE;18-200mm;1:3.5-1:6.3;62mm;1:3.70;0.50m;Sony E;APS-C;460g;68x97.1mm;
Walimex Pro 24mm 1.5 VCSC;24mm;1:1.5;77mm;;0.25m;Pentax Q, Fujifilm X, Canon EF-M;APS-C;615g;83x97.5mm;
Sony FE 70-200mm 4.0 G OSS;70-200mm;1:4.0;72mm;1:7.69;1.00m;Sony E;APS-C/ Kleinbild;840g;80x175mm;
Sigma Art AF 19mm 2.8 DN;19mm;1:2.8;46mm;1:7.40;0.20m;Micro-Four-Thirds;Four-Thirds;;60.8x45.7mm;
Leica Elmarit-S 30mm 2.8 ASPH;30mm;1:2.8;82mm;1:11.30;0.50m;Leica S;APS-C/ Kleinbild;1060g;88x128mm;
Voigtländer Classic Collection Nokton 50mm;50mm;1:1.5;;;0.90m;Leica M;Mittelformat;243g;60x54.5mm;
Samyang 300mm 6.3 ED UMC CS Reflex;300mm;1:6.3;;;0.90m;Sony E, Micro-Four-Thirds, Fujifilm X, Canon EF-M;APS-C;318g;64.5x73.7mm;
Sigma AF 50-500mm 4.0-6.3 EX DG APO HSM RF;50-500mm;1:4.0-1:6.3;86mm;1:3.13;1.00m;Nikon F, Canon EF;APS-C/ Kleinbild;1840g;95x218.5mm;
Sigma AF 18-125mm 3.8-5.6 DC OS HSM;18-125mm;1:3.8-1:5.6;67mm;1:3.80;0.35m;Sony A;APS-C;505g;74x88.5mm;
Walimex Pro 16mm 2.2 VDSLR;16mm;1:2.2;77mm;;0.2m;Sony E, Sony A, Samsung NX, Pentax K, Nikon F, Micro-Four-Thirds, Fujifilm X, Canon EF-M;APS-C;620g;83x115.4mm;
Canon EF 70-300mm 4.0-5.6 IS II USM;70-300mm;1:4.0-1:5.6;67mm;1:4.00;1.20m;Canon EF;APS-C/ Kleinbild;710g;80x145.5mm;
Sigma AF 150mm 2.8 EX DG APO HSM OS Makro;150mm;1:2.8;72mm;1:1.00;0.38m;Nikon F, Canon EF;APS-C/ Kleinbild;1180g;79.6x150mm;
Irix 15mm 2.4 Blackstone;15mm;1:2.4;95mm,;;0.28m;Pentax K, Nikon F, Canon EF;APS-C/ Kleinbild;653g;114x100mm;
Pentax HD DFA 15-30mm 2.8 ED SDM WR;15-30mm;1:2.8;;1:5.00;0.28m;Pentax K;APS-C/ Kleinbild;1040g;98.5x143.5mm;
Panasonic/Leica DG Vario Elmar 100-400mm 4.0-6.3 ASPH Power OIS;100-400mm;1:4.0-1:6.3;72mm;1:2.00;1.30m;Micro-Four-Thirds;Four-Thirds;985g;83x172mm;
Nikon AF-S 300mm 4.0D IF-ED;300mm;1:4.0;77mm;1:3.70;1.45m;Nikon F;APS-C/ Kleinbild;1440g;90x222.5mm;
Irix 15mm 2.4 Firefly;15mm;1:2.4;95mm,;;0.28m;Pentax K, Canon EF;APS-C/ Kleinbild;608g;114x100mm;
Leica Summilux-M 35mm 1.4 ASPH;35mm;1:1.4;46mm;1:17.40;0.70m;Leica M;APS-C/ Kleinbild;250g;53x46.2mm;
Zeiss ZE Distagon T* 28mm 2.0;28mm;1:2.0;;1:4.00;0.24m;Canon EF;APS-C/ Kleinbild;530g;65x94mm;
